,,,,,,,,,,,,,,,,,,,,,,
,,,,,,,,,,,,,,,,,,,,,,
,,,,,,,,,,,,,,,,,,,,,,
,,,,,,,,,,,,,,,,,,,,,,
,,,,,,,,,,,,,,,,,,,,,,
,,,,,,,,,,,,,,,,,,,,,,
,,,,,,,,,,,,,,,,,,,,,,
,,,,,,,,,,,,,,,,,,,,,,
,,,,,,,,,,,,,,,,,,,,,,
,,,,,,,,,,,,,,,,,,,,,,
,,,,,,,,,,,,,,,,,,,,,,
,,,,,,,,,,,,,,,,,,,,,,
,,,,,,,,,,,,,,,,,,,,,,
,,,,,,,,,,,,,,,,,,,,,,
,,,,,,,,,,,,,,,,,,,,,,
,,,,,,,,,,,,,,,,,,,,,,
,,,,,,,,,,,,,,,,,,,,,,
0.622792,0.940686,-0.000062,0.543176,0.923313,-0.050094,0.492636,0.833000,-0.086207,0.477316,0.754065,-0.118760,0.477747,0.695890,-0.149154,0.539601,0.698390,-0.055320,0.511355,0.603839,-0.109260,0.489610,0.556456,-0.148610,0.469643,0.524528,-0.175757,0.583748,0.681628,-0.067918,0.565389,0.569400,-0.122301,0.553319,0.499888,-0.168984,0.541260,0.434654,-0.202545,0.629769,0.694365,-0.086148,0.617686,0.588431,-0.130249,0.608846,0.521378,-0.163406,0.596541,0.457898,-0.190582,0.679612,0.730222,-0.109375,0.688318,0.646602,-0.149778,0.692790,0.588784,-0.174003,0.690381,0.528566,-0.197111,
0.048469,0.808836,0.000007,0.117658,0.786387,-0.077390,0.159743,0.711992,-0.105374,0.167073,0.631493,-0.113379,0.155871,0.564015,-0.114534,0.126679,0.604551,-0.086343,0.125452,0.499585,-0.108866,0.123550,0.441378,-0.125840,0.118867,0.393911,-0.138502,0.083377,0.589698,-0.053978,0.077300,0.475007,-0.065301,0.075101,0.411124,-0.082497,0.066304,0.362021,-0.100451,0.046235,0.594898,-0.024707,0.033007,0.492091,-0.042700,0.026616,0.425336,-0.064660,0.019332,0.367368,-0.087776,0.018786,0.614682,-0.004049,0.008663,0.544818,-0.023043,-0.002030,0.508994,-0.035078,-0.011489,0.475981,-0.046760,
0.016846,0.788499,-0.000054,0.091163,0.762845,-0.041186,0.134455,0.679448,-0.042403,0.145151,0.594405,-0.037686,0.143856,0.528864,-0.027144,0.101804,0.580401,0.004906,0.111986,0.485954,0.003263,0.114430,0.426529,-0.007233,0.110849,0.375915,-0.018347,0.061583,0.562116,0.013689,0.062003,0.460111,0.012406,0.060628,0.393573,-0.002662,0.054316,0.337187,-0.018016,0.026178,0.563643,0.014065,0.024264,0.469503,0.001121,0.024836,0.405302,-0.019817,0.023920,0.351445,-0.035698,-0.007809,0.580283,0.011733,-0.011091,0.507641,-0.013505,-0.013654,0.461324,-0.025743,-0.017748,0.421060,-0.037354,
0.008712,0.765795,-0.000009,0.085221,0.746730,-0.057123,0.128177,0.655847,-0.054081,0.136045,0.559448,-0.044888,0.139482,0.483749,-0.029471,0.095797,0.563551,0.023246,0.105473,0.465857,0.028550,0.106155,0.401430,0.021553,0.101201,0.348109,0.011803,0.055212,0.544554,0.047200,0.052222,0.439238,0.058353,0.050234,0.369824,0.049178,0.043959,0.314415,0.041323,0.019881,0.544152,0.059412,0.017685,0.444345,0.053246,0.017405,0.380718,0.033472,0.014136,0.326910,0.022284,-0.012454,0.559004,0.066551,-0.018219,0.488102,0.037253,-0.025326,0.448127,0.017162,-0.037060,0.413067,0.003843,
0.016566,0.748766,0.000018,0.095009,0.726923,-0.036018,0.137880,0.638572,-0.026364,0.146564,0.552669,-0.014479,0.153771,0.491313,0.003982,0.107056,0.542830,0.043230,0.119712,0.454128,0.053978,0.122624,0.394185,0.047078,0.121483,0.345308,0.038741,0.066751,0.522063,0.057082,0.068713,0.419687,0.074924,0.068311,0.354163,0.067281,0.062714,0.303132,0.060520,0.029553,0.520903,0.060811,0.028727,0.421699,0.062767,0.027594,0.357427,0.049559,0.024316,0.302378,0.040734,-0.004616,0.536892,0.059759,-0.006716,0.461670,0.042097,-0.012372,0.417973,0.028317,-0.021038,0.377206,0.018875,
0.028686,0.749641,0.000004,0.111999,0.735667,-0.062412,0.165771,0.652887,-0.075358,0.178420,0.563909,-0.078732,0.180669,0.491944,-0.076684,0.142269,0.554351,-0.010616,0.161797,0.463583,-0.021885,0.169962,0.398834,-0.044786,0.173600,0.340497,-0.066492,0.096608,0.529964,0.010728,0.109564,0.429777,0.007731,0.113834,0.367221,-0.020136,0.114023,0.310445,-0.044214,0.052267,0.520897,0.024269,0.062456,0.429401,0.019765,0.065253,0.370260,-0.003839,0.065922,0.316437,-0.024327,0.009015,0.526192,0.029706,0.014483,0.443112,0.021178,0.014439,0.397439,0.009377,0.013933,0.354857,-0.004099,
0.100322,0.786601,-0.000075,0.172303,0.737150,-0.029155,0.213125,0.642676,-0.037239,0.217805,0.555810,-0.048903,0.222355,0.502623,-0.058706,0.173196,0.556790,0.012990,0.188672,0.467449,-0.009398,0.196437,0.403808,-0.035498,0.201861,0.347432,-0.059346,0.126686,0.545332,0.012037,0.134248,0.445263,-0.000010,0.143024,0.379952,-0.027140,0.149126,0.324287,-0.048109,0.080157,0.549941,0.002362,0.079189,0.453954,-0.008365,0.086149,0.391902,-0.032293,0.093582,0.340107,-0.049788,0.034128,0.570601,-0.011579,0.023165,0.489942,-0.028502,0.022363,0.438911,-0.043904,0.024611,0.389965,-0.057443,
0.131764,0.798724,-0.000038,0.202532,0.763256,-0.028722,0.233446,0.679832,-0.036869,0.225435,0.610639,-0.050276,0.218994,0.574005,-0.061055,0.199972,0.561766,0.030430,0.211281,0.474475,0.021131,0.220437,0.417764,0.004561,0.229441,0.371775,-0.012480,0.156177,0.548454,0.023927,0.169918,0.451578,0.020873,0.183422,0.388662,-0.004726,0.195925,0.334175,-0.029039,0.112285,0.554621,0.009703,0.116336,0.460423,0.000065,0.125210,0.399046,-0.023559,0.135644,0.344914,-0.044345,0.066282,0.580674,-0.009970,0.056509,0.503917,-0.027443,0.056894,0.451045,-0.046540,0.061572,0.398183,-0.065462,
0.160709,0.813542,-0.000049,0.233340,0.776281,-0.026380,0.266224,0.700667,-0.032554,0.276686,0.635156,-0.046172,0.298619,0.589767,-0.057691,0.226595,0.570161,0.053075,0.242730,0.491731,0.050482,0.257365,0.442577,0.031729,0.272786,0.404006,0.008084,0.186831,0.556982,0.046317,0.201938,0.465319,0.047576,0.219455,0.405701,0.016406,0.235794,0.351791,-0.012829,0.145930,0.562570,0.031154,0.150868,0.471967,0.030067,0.161458,0.414251,0.008684,0.171815,0.362003,-0.011667,0.103250,0.585167,0.009945,0.096535,0.508956,0.005943,0.100395,0.458595,-0.005659,0.107258,0.410517,-0.018528,
0.192259,0.836408,-0.000044,0.262004,0.774629,-0.005865,0.285453,0.692445,-0.009207,0.288585,0.634604,-0.025798,0.299943,0.596023,-0.040276,0.231526,0.588444,0.069260,0.243390,0.517614,0.054702,0.267035,0.477524,0.026219,0.296174,0.455358,0.001786,0.201922,0.581550,0.049711,0.207436,0.494848,0.040659,0.227532,0.445753,0.006276,0.251538,0.412045,-0.020721,0.174743,0.585311,0.022472,0.171423,0.491850,0.012058,0.187132,0.436189,-0.008754,0.210392,0.398557,-0.025711,0.148772,0.603269,-0.009503,0.139729,0.520051,-0.018557,0.146014,0.462268,-0.034071,0.159991,0.413073,-0.049535,
0.216084,0.839226,-0.000098,0.280666,0.809934,-0.054415,0.312421,0.749123,-0.078578,0.313465,0.693471,-0.096925,0.316891,0.647695,-0.109204,0.299708,0.623812,-0.032873,0.333985,0.548050,-0.069560,0.370326,0.497566,-0.104477,0.404838,0.452329,-0.140481,0.265985,0.597724,-0.029092,0.292946,0.507682,-0.067777,0.324557,0.438556,-0.106585,0.349193,0.379011,-0.137091,0.230463,0.589215,-0.032665,0.245252,0.495784,-0.064029,0.268982,0.428751,-0.092201,0.286613,0.368097,-0.117578,0.190789,0.598750,-0.043109,0.193511,0.518678,-0.069453,0.203665,0.468002,-0.092718,0.212535,0.416280,-0.112683,
0.239563,0.829010,-0.000119,0.322231,0.823509,-0.038347,0.373944,0.749712,-0.042749,0.402492,0.676734,-0.052124,0.444121,0.628742,-0.066174,0.359447,0.615168,0.017048,0.392812,0.536901,-0.005297,0.417087,0.484239,-0.033347,0.440968,0.439568,-0.064289,0.314228,0.591067,0.011913,0.341956,0.499988,-0.007789,0.367142,0.440846,-0.042240,0.388858,0.386963,-0.066555,0.267866,0.586410,-0.003330,0.285161,0.497774,-0.026394,0.305620,0.437443,-0.052733,0.325519,0.381174,-0.068019,0.217602,0.600416,-0.024243,0.224075,0.528171,-0.045987,0.234464,0.480025,-0.063298,0.249296,0.431480,-0.076434,
0.245972,0.829487,-0.000083,0.321589,0.808198,-0.028168,0.380696,0.738828,-0.038769,0.411186,0.673902,-0.056789,0.439410,0.619258,-0.080682,0.340909,0.600497,0.018880,0.371446,0.520077,-0.004713,0.397577,0.470661,-0.031797,0.423344,0.429912,-0.049659,0.299590,0.578156,0.007167,0.325702,0.485863,-0.009878,0.352522,0.424714,-0.036982,0.378719,0.370531,-0.058310,0.256773,0.578045,-0.014315,0.271188,0.485316,-0.033284,0.290411,0.426522,-0.057235,0.311996,0.375508,-0.077472,0.210826,0.596265,-0.041039,0.216255,0.516030,-0.061068,0.228282,0.462347,-0.080034,0.244699,0.414880,-0.094663,
0.192860,0.820952,-0.000024,0.284756,0.789949,-0.005084,0.346075,0.714059,0.000560,0.379281,0.648712,-0.003952,0.399794,0.596199,-0.007211,0.314990,0.605255,0.054301,0.331568,0.516628,0.034406,0.351745,0.507611,0.008828,0.366913,0.526180,-0.011768,0.275222,0.586554,0.038157,0.293883,0.507820,0.036142,0.312569,0.491640,0.010994,0.324976,0.494294,-0.006227,0.231214,0.576600,0.015917,0.247111,0.494576,0.011055,0.263995,0.462324,-0.004238,0.275843,0.451920,-0.012600,0.183899,0.575810,-0.009181,0.187183,0.499527,-0.030812,0.195609,0.450511,-0.043794,0.205678,0.410330,-0.049385,
0.706900,0.841634,-0.000055,0.639032,0.779909,-0.046293,0.612075,0.687128,-0.076798,0.607531,0.617459,-0.107716,0.603595,0.559093,-0.141394,0.686404,0.579841,-0.037564,0.676014,0.484870,-0.076170,0.668918,0.429545,-0.117272,0.664300,0.381334,-0.142130,0.733355,0.579938,-0.043987,0.745626,0.472447,-0.068342,0.751359,0.400977,-0.108173,0.755490,0.340495,-0.135186,0.774605,0.600008,-0.058351,0.800779,0.496040,-0.076421,0.812258,0.425836,-0.114370,0.816630,0.361815,-0.146826,0.812137,0.640118,-0.078036,0.851436,0.557883,-0.100640,0.869330,0.499868,-0.123337,0.879450,0.444026,-0.145950,
0.664582,0.845495,-0.000124,0.593227,0.760707,-0.015018,0.588303,0.623218,-0.024751,0.606191,0.527673,-0.043543,0.601991,0.441122,-0.071181,0.645802,0.563496,0.029625,0.638572,0.483122,0.016154,0.631735,0.425729,-0.012338,0.624116,0.374328,-0.030617,0.689829,0.569136,0.008152,0.699595,0.476336,0.006547,0.700242,0.405712,-0.032061,0.697056,0.350416,-0.063835,0.730374,0.593092,-0.021267,0.751478,0.498159,-0.022899,0.755413,0.426749,-0.056386,0.751453,0.366015,-0.087494,0.768651,0.634666,-0.056264,0.806270,0.555211,-0.065819,0.824142,0.497334,-0.079223,0.832407,0.435703,-0.094862,
0.642758,0.859574,-0.000052,0.585540,0.803814,0.016368,0.573494,0.717383,0.019929,0.579667,0.664109,0.009469,0.575811,0.627320,-0.010637,0.617929,0.594193,0.055267,0.611219,0.504230,0.050922,0.602777,0.446259,0.032977,0.591872,0.398379,0.018541,0.652893,0.590192,0.024286,0.655077,0.489150,0.027849,0.648528,0.423982,0.009208,0.638264,0.369747,-0.007015,0.684564,0.602437,-0.011467,0.698366,0.500540,-0.011349,0.699227,0.434595,-0.022347,0.692341,0.381280,-0.036947,0.714306,0.630360,-0.050684,0.739720,0.545402,-0.051969,0.749907,0.485727,-0.050725,0.754445,0.428226,-0.056255,
0.624950,0.885825,-0.000007,0.567061,0.822232,0.036899,0.545937,0.742843,0.047107,0.535399,0.692745,0.042580,0.519571,0.652829,0.029537,0.581342,0.627490,0.072303,0.572719,0.550601,0.068085,0.555475,0.523745,0.044713,0.541848,0.511399,0.028809,0.605183,0.620085,0.033954,0.600255,0.524281,0.029087,0.579158,0.474540,-0.000908,0.561872,0.438092,-0.026749,0.629056,0.629770,-0.010203,0.624097,0.533890,-0.011345,0.596644,0.498454,-0.030920,0.577194,0.478116,-0.050058,0.654615,0.647590,-0.053449,0.670024,0.561812,-0.053306,0.668402,0.503642,-0.055404,0.664425,0.449065,-0.068235,
0.616796,0.871916,-0.000011,0.535030,0.848483,-0.026038,0.481854,0.769501,-0.039910,0.461026,0.697668,-0.058083,0.457674,0.648513,-0.073475,0.520100,0.635467,0.009373,0.481680,0.557182,-0.015700,0.457622,0.509807,-0.048506,0.434011,0.468612,-0.071921,0.559071,0.611249,-0.004395,0.535961,0.510851,-0.011213,0.518326,0.444125,-0.033861,0.502423,0.387592,-0.053938,0.600327,0.611296,-0.025938,0.587618,0.510876,-0.032396,0.570549,0.441384,-0.046320,0.553914,0.384258,-0.063372,0.646698,0.631218,-0.052685,0.653702,0.547095,-0.063242,0.651399,0.489115,-0.068849,0.646731,0.434856,-0.072875,
0.615233,0.877802,-0.000084,0.538309,0.827525,-0.013924,0.484859,0.738166,-0.027778,0.463515,0.668971,-0.051092,0.468808,0.623810,-0.075453,0.553063,0.609416,0.032905,0.544457,0.517828,0.014297,0.526197,0.454556,-0.017639,0.504543,0.411289,-0.045705,0.591756,0.598888,0.013342,0.589113,0.496024,-0.003431,0.576281,0.422366,-0.039434,0.560954,0.363889,-0.060074,0.632861,0.608793,-0.011998,0.633980,0.507287,-0.021647,0.624961,0.441181,-0.048224,0.611499,0.388172,-0.065576,0.676368,0.641145,-0.041653,0.692623,0.555082,-0.049239,0.696604,0.494499,-0.061193,0.693229,0.438714,-0.070792,
0.663698,0.867445,-0.000081,0.577628,0.810456,-0.005632,0.538104,0.704016,-0.002129,0.543027,0.627473,-0.006874,0.557191,0.575971,-0.009813,0.602182,0.603633,0.046439,0.601131,0.501554,0.033957,0.603276,0.426478,0.022589,0.605863,0.361014,0.013084,0.645618,0.597594,0.033946,0.649634,0.486647,0.020817,0.643577,0.408345,0.004312,0.635360,0.339206,-0.000973,0.686919,0.607069,0.013161,0.697163,0.499462,0.007380,0.688993,0.429435,-0.013208,0.679969,0.365940,-0.023493,0.729051,0.636854,-0.010993,0.736039,0.547528,-0.019778,0.729948,0.489538,-0.040254,0.717847,0.433631,-0.050359,
0.726657,0.860000,-0.000063,0.641511,0.809364,-0.018556,0.580206,0.709562,-0.031356,0.568706,0.624827,-0.048423,0.583881,0.570303,-0.062677,0.636978,0.601816,0.012267,0.623947,0.509780,-0.013580,0.619616,0.455734,-0.036951,0.618936,0.408156,-0.055944,0.687019,0.590192,0.002472,0.674156,0.490263,-0.015459,0.663242,0.426427,-0.040378,0.652139,0.364480,-0.058035,0.734606,0.595994,-0.013447,0.727201,0.490548,-0.025962,0.721145,0.426990,-0.048308,0.713590,0.366799,-0.067031,0.785185,0.623855,-0.032414,0.785659,0.534341,-0.041163,0.782573,0.479185,-0.051893,0.774192,0.425104,-0.062279,
0.754744,0.860763,-0.000116,0.676785,0.791817,-0.019045,0.628672,0.681094,-0.032285,0.615222,0.595410,-0.049887,0.625011,0.532464,-0.064836,0.701934,0.599399,0.001136,0.689665,0.505131,-0.027838,0.686289,0.449821,-0.051252,0.685391,0.407358,-0.070823,0.751390,0.603754,-0.012225,0.755656,0.493340,-0.029822,0.761262,0.422477,-0.051983,0.768995,0.360556,-0.065616,0.793373,0.628078,-0.031956,0.799953,0.529534,-0.048990,0.799552,0.466346,-0.065810,0.799960,0.412134,-0.078042,0.830394,0.671000,-0.054422,0.823951,0.605560,-0.084733,0.802409,0.577880,-0.105789,0.780166,0.560133,-0.115738,
0.779367,0.850997,-0.000143,0.700154,0.787829,-0.004509,0.663257,0.675008,-0.002478,0.659222,0.585827,-0.007143,0.667068,0.522661,-0.012208,0.746519,0.589073,0.056713,0.744926,0.493172,0.045886,0.745716,0.429616,0.026557,0.749380,0.372371,0.007071,0.792633,0.589634,0.037280,0.808292,0.484922,0.040787,0.814708,0.411740,0.022325,0.822853,0.346209,0.008811,0.834687,0.605704,0.008908,0.857639,0.507683,0.016246,0.870717,0.437724,-0.003020,0.881378,0.373924,-0.020091,0.872612,0.640728,-0.023799,0.899479,0.565797,-0.022889,0.915307,0.508044,-0.040535,0.924872,0.454471,-0.057063,
0.767263,0.838969,-0.000061,0.693987,0.777172,-0.027041,0.667538,0.662964,-0.039362,0.671718,0.571507,-0.057601,0.672356,0.505436,-0.077797,0.757953,0.572203,0.028477,0.763927,0.471556,0.007264,0.767310,0.408717,-0.020500,0.770903,0.356469,-0.039422,0.811677,0.579501,0.018766,0.837519,0.470067,0.012772,0.851510,0.399701,-0.011830,0.866271,0.337945,-0.031090,0.856975,0.608288,0.000834,0.893824,0.508414,-0.001748,0.916622,0.447969,-0.020270,0.937160,0.393527,-0.040408,0.896110,0.657522,-0.023150,0.938457,0.591958,-0.029398,0.967582,0.548330,-0.044932,0.992148,0.506944,-0.060773,
0.730643,0.837426,-0.000073,0.657928,0.770243,-0.036227,0.638082,0.658879,-0.057021,0.641516,0.574134,-0.080991,0.638838,0.513297,-0.108824,0.732576,0.565045,-0.025488,0.733454,0.460463,-0.057283,0.735779,0.397356,-0.087483,0.738307,0.345227,-0.105947,0.783901,0.573733,-0.037794,0.809358,0.460594,-0.053533,0.824001,0.382649,-0.084842,0.837160,0.317464,-0.106532,0.824867,0.609928,-0.055286,0.868306,0.503802,-0.073712,0.892772,0.431202,-0.109673,0.911528,0.367762,-0.141490,0.857712,0.667795,-0.077961,0.914344,0.598817,-0.102883,0.946665,0.545430,-0.132262,0.974181,0.494628,-0.160959,
0.699750,0.851054,-0.000104,0.629428,0.781893,-0.049705,0.619153,0.669500,-0.083670,0.635132,0.592739,-0.119502,0.646445,0.545658,-0.161066,0.680630,0.555144,-0.039404,0.671651,0.446678,-0.070074,0.672649,0.380980,-0.106735,0.675681,0.326576,-0.129155,0.731143,0.563723,-0.049822,0.741906,0.450463,-0.066453,0.759113,0.375139,-0.097577,0.773591,0.310658,-0.124583,0.777050,0.595215,-0.067996,0.805446,0.487952,-0.087304,0.829299,0.415597,-0.116760,0.844711,0.350399,-0.143457,0.819494,0.647372,-0.093992,0.865547,0.567779,-0.123276,0.894602,0.512327,-0.137949,0.917148,0.457151,-0.155797,
0.690914,0.870122,-0.000150,0.638367,0.803671,-0.031983,0.625526,0.708787,-0.057749,0.628011,0.641491,-0.084649,0.622940,0.589350,-0.116325,0.666764,0.588574,-0.034758,0.658755,0.493144,-0.067819,0.655832,0.437357,-0.096246,0.654741,0.390162,-0.114032,0.704740,0.585853,-0.044088,0.705476,0.469220,-0.069368,0.708261,0.400005,-0.097223,0.710205,0.337198,-0.121054,0.738497,0.602349,-0.058862,0.753988,0.490225,-0.080312,0.761789,0.422533,-0.105998,0.764081,0.362241,-0.130807,0.770400,0.637415,-0.078211,0.798756,0.555908,-0.092501,0.812364,0.500389,-0.101646,0.821657,0.447315,-0.117928,
,,,,,,,,,,,,,,,,,,,,,,
0.645930,0.847791,-0.000077,0.563612,0.850892,-0.034802,0.498423,0.786726,-0.037053,0.474381,0.711237,-0.045395,0.468180,0.675664,-0.054977,0.514241,0.641436,0.002999,0.475269,0.553501,-0.020585,0.452116,0.498568,-0.043458,0.438393,0.451959,-0.062296,0.559072,0.607452,-0.004922,0.534295,0.494338,-0.014374,0.514960,0.419037,-0.049560,0.502603,0.356183,-0.076868,0.609885,0.598265,-0.019865,0.593616,0.480844,-0.037052,0.577927,0.410319,-0.073730,0.564513,0.345240,-0.101413,0.665990,0.608918,-0.040543,0.665994,0.522405,-0.068299,0.665459,0.466370,-0.097424,0.663680,0.409739,-0.123024,
0.645987,0.857796,-0.000096,0.567519,0.824706,-0.040368,0.506125,0.748905,-0.074077,0.477734,0.679761,-0.113814,0.474920,0.627192,-0.152279,0.549837,0.601190,-0.020272,0.522823,0.510241,-0.052244,0.496248,0.448794,-0.087938,0.472165,0.406104,-0.117859,0.594640,0.582832,-0.033943,0.574351,0.474120,-0.063250,0.554781,0.398041,-0.103008,0.536194,0.333164,-0.129548,0.643714,0.589585,-0.053392,0.627305,0.480491,-0.077037,0.612751,0.404034,-0.110931,0.596626,0.339207,-0.135157,0.697225,0.619210,-0.076576,0.707578,0.525138,-0.098200,0.712616,0.456803,-0.117593,0.714038,0.392884,-0.133766,
0.672166,0.855069,-0.000058,0.592390,0.789449,-0.004137,0.540519,0.700015,-0.012710,0.512974,0.646626,-0.036938,0.502186,0.601311,-0.072270,0.626239,0.574358,0.028284,0.634265,0.478273,0.008010,0.639549,0.407941,-0.010243,0.639493,0.350892,-0.023187,0.666519,0.578326,0.003653,0.681572,0.472877,-0.014856,0.679479,0.403630,-0.037527,0.676832,0.341599,-0.047526,0.706041,0.602072,-0.027832,0.707732,0.512247,-0.046730,0.674987,0.478592,-0.068860,0.648598,0.456415,-0.078815,0.744295,0.644311,-0.061721,0.732033,0.569934,-0.090687,0.689342,0.552020,-0.117325,0.648154,0.546519,-0.126652,
0.133777,0.783797,-0.000106,0.212843,0.729218,-0.050970,0.256743,0.613187,-0.076906,0.265845,0.510284,-0.105349,0.272322,0.447754,-0.129944,0.201781,0.470224,-0.013209,0.200277,0.339396,-0.063044,0.209334,0.323771,-0.123193,0.210949,0.352823,-0.163462,0.145667,0.466359,-0.021790,0.129506,0.318927,-0.071978,0.139043,0.308026,-0.118943,0.145045,0.340922,-0.151482,0.095330,0.486973,-0.038774,0.073478,0.350996,-0.088371,0.076859,0.326273,-0.125693,0.082104,0.328952,-0.145239,0.046246,0.528823,-0.059684,0.026046,0.426947,-0.103412,0.021092,0.371286,-0.124194,0.018998,0.329481,-0.139006,
0.781058,0.872529,-0.000084,0.682822,0.798934,-0.055218,0.624401,0.678322,-0.091121,0.613926,0.564127,-0.125060,0.635624,0.476888,-0.151471,0.685432,0.555514,-0.043093,0.686905,0.409632,-0.106087,0.687777,0.397422,-0.155884,0.693233,0.426245,-0.188062,0.752514,0.553110,-0.040882,0.779283,0.403854,-0.082822,0.781139,0.356833,-0.130183,0.775065,0.347540,-0.168523,0.808688,0.573629,-0.045134,0.841345,0.449625,-0.080515,0.844778,0.391075,-0.120793,0.843106,0.353226,-0.153939,0.856339,0.613176,-0.055699,0.891109,0.518357,-0.079138,0.909261,0.456813,-0.104730,0.915086,0.393181,-0.127913,
0.756986,0.888858,-0.000016,0.680714,0.789926,-0.033038,0.650839,0.658573,-0.043529,0.649324,0.547472,-0.060195,0.642729,0.473878,-0.075836,0.752373,0.544181,0.025288,0.758028,0.430302,0.013054,0.766891,0.368659,-0.002562,0.779438,0.314396,-0.014290,0.812003,0.553774,0.022539,0.842414,0.430351,0.026504,0.861029,0.364862,0.006956,0.879845,0.306097,-0.009037,0.857906,0.589072,0.009175,0.902230,0.483327,0.007692,0.926613,0.421224,-0.015354,0.945624,0.360618,-0.037050,0.897205,0.646121,-0.006742,0.945643,0.576606,-0.014372,0.974044,0.530409,-0.032162,0.996971,0.483137,-0.049551,
0.729383,0.884072,-0.000051,0.659097,0.783828,-0.034938,0.634937,0.657864,-0.056751,0.642601,0.562922,-0.086782,0.636075,0.487269,-0.118410,0.737268,0.545499,0.006785,0.745397,0.435194,-0.015118,0.756032,0.371172,-0.040342,0.766337,0.315823,-0.057617,0.794474,0.562075,-0.004974,0.827018,0.439222,-0.009044,0.846860,0.364983,-0.042146,0.865220,0.299078,-0.065246,0.839461,0.601548,-0.024195,0.885428,0.489262,-0.035537,0.911282,0.421032,-0.072073,0.931732,0.357731,-0.103331,0.875777,0.661810,-0.047271,0.931323,0.590629,-0.069533,0.962077,0.541059,-0.095265,0.987260,0.491115,-0.117864,
0.721925,0.895781,-0.000055,0.640092,0.810956,-0.050505,0.617820,0.695917,-0.082914,0.627738,0.619907,-0.118995,0.633472,0.568779,-0.153664,0.689954,0.558086,-0.025399,0.686031,0.448220,-0.056987,0.692278,0.391565,-0.094377,0.701898,0.352518,-0.113320,0.744459,0.563515,-0.032300,0.760074,0.438613,-0.046058,0.777789,0.367289,-0.075657,0.794312,0.308331,-0.100817,0.794487,0.590327,-0.047696,0.827637,0.472749,-0.067077,0.851305,0.401144,-0.096809,0.868455,0.337140,-0.124300,0.840496,0.636582,-0.073723,0.892156,0.556574,-0.096614,0.923584,0.500204,-0.109173,0.949230,0.439840,-0.127406,
0.713016,0.914011,-0.000042,0.627903,0.828380,0.001719,0.610576,0.713531,0.003249,0.617352,0.634685,-0.007263,0.620222,0.577490,-0.017655,0.670266,0.578131,0.070164,0.660737,0.482535,0.069414,0.654424,0.425994,0.048816,0.648625,0.382856,0.034661,0.714023,0.574581,0.050680,0.714789,0.458773,0.065518,0.714392,0.390991,0.050979,0.713943,0.329934,0.037171,0.752057,0.589511,0.023835,0.767230,0.475209,0.028546,0.772878,0.401673,0.013727,0.774496,0.337445,-0.005171,0.786579,0.621090,-0.010563,0.815677,0.534131,-0.006999,0.828752,0.473991,-0.005292,0.835821,0.412079,-0.012404,
0.733890,0.905143,-0.000053,0.635600,0.855986,-0.022888,0.571425,0.769564,-0.022400,0.539725,0.688038,-0.027592,0.507710,0.632393,-0.026762,0.595995,0.616072,0.030083,0.548577,0.522574,0.008068,0.522763,0.463517,-0.015375,0.500954,0.407803,-0.028538,0.641461,0.583024,0.022229,0.604055,0.458583,0.019390,0.589965,0.392531,0.009354,0.582820,0.329531,0.002440,0.688589,0.578990,0.005630,0.670997,0.458904,-0.004233,0.658519,0.389930,-0.015668,0.650065,0.326370,-0.022649,0.743282,0.597677,-0.015670,0.747951,0.510695,-0.028138,0.750939,0.455119,-0.035541,0.756793,0.398140,-0.037558,
0.713576,0.886824,-0.000013,0.620893,0.835747,-0.033947,0.553510,0.739692,-0.037639,0.519299,0.652597,-0.049248,0.484219,0.599040,-0.061272,0.585721,0.587390,0.045257,0.549320,0.492595,0.045496,0.532941,0.433833,0.031971,0.517656,0.379115,0.015033,0.633602,0.564311,0.042164,0.611232,0.444356,0.061712,0.597961,0.377895,0.040766,0.584258,0.314043,0.023003,0.683733,0.565808,0.027710,0.675732,0.452386,0.031395,0.670934,0.386650,0.008863,0.663168,0.320582,-0.011255,0.738695,0.587665,0.007377,0.754954,0.499959,-0.001917,0.763184,0.446730,-0.016724,0.767693,0.391081,-0.030904,
0.717594,0.879534,0.000000,0.621098,0.827215,-0.029363,0.558378,0.722715,-0.032115,0.529039,0.629286,-0.041753,0.499347,0.572529,-0.047215,0.607827,0.578082,0.032042,0.574858,0.476804,0.026871,0.556297,0.413454,0.014235,0.539646,0.355842,-0.001239,0.660335,0.558190,0.025215,0.650701,0.430588,0.035664,0.640059,0.357143,0.015674,0.629466,0.290921,-0.000332,0.712433,0.564635,0.007797,0.714402,0.446541,0.007404,0.711237,0.375899,-0.016059,0.705212,0.308497,-0.036014,0.767592,0.593607,-0.014072,0.789623,0.504746,-0.028696,0.799009,0.447361,-0.049315,0.802988,0.388346,-0.066270,
0.730224,0.874320,-0.000038,0.635011,0.826448,-0.024802,0.572791,0.726916,-0.027974,0.539662,0.635119,-0.039714,0.502363,0.580149,-0.050527,0.625135,0.578917,0.037047,0.589901,0.478931,0.034205,0.574694,0.416576,0.020765,0.563359,0.361146,0.007234,0.677742,0.556481,0.030207,0.665415,0.430450,0.046711,0.655692,0.356127,0.029158,0.647937,0.290950,0.014109,0.728548,0.559959,0.013655,0.728108,0.440923,0.016701,0.726941,0.370270,-0.001836,0.725588,0.305422,-0.018031,0.781758,0.586878,-0.006402,0.803421,0.497953,-0.017769,0.815184,0.441064,-0.035136,0.824064,0.386737,-0.049798,
0.733172,0.872918,-0.000024,0.634298,0.827031,-0.027901,0.573552,0.726638,-0.032076,0.543299,0.629655,-0.043270,0.510489,0.568860,-0.055620,0.625954,0.585681,0.040073,0.591651,0.483092,0.035657,0.578465,0.418525,0.019416,0.570042,0.362106,0.005051,0.680108,0.561652,0.035121,0.667281,0.432109,0.048589,0.659936,0.354867,0.027013,0.655627,0.288772,0.009369,0.732764,0.563790,0.020788,0.731891,0.442092,0.022981,0.731340,0.370027,0.004246,0.731255,0.304196,-0.012152,0.788108,0.590210,0.001563,0.809748,0.498347,-0.009679,0.821897,0.441273,-0.026506,0.832249,0.386002,-0.039646,
0.733218,0.870332,-0.000010,0.637617,0.827699,-0.021077,0.575017,0.729635,-0.019896,0.540936,0.636732,-0.027497,0.503075,0.580615,-0.036437,0.627618,0.583372,0.051233,0.594176,0.482714,0.052147,0.581338,0.418703,0.039052,0.572882,0.362946,0.026939,0.680472,0.559814,0.043569,0.667284,0.430656,0.060523,0.661122,0.355507,0.039352,0.657749,0.290874,0.021693,0.732011,0.562297,0.027966,0.729767,0.439002,0.034411,0.729476,0.367613,0.015165,0.729905,0.303296,-0.001974,0.786065,0.588806,0.007660,0.807096,0.497744,0.001293,0.820404,0.440095,-0.014031,0.832197,0.385151,-0.027243,
0.735608,0.867844,-0.000034,0.639149,0.824081,-0.024156,0.574559,0.726737,-0.025982,0.538660,0.634801,-0.036230,0.501157,0.577551,-0.047823,0.629624,0.582025,0.047658,0.595810,0.483381,0.047387,0.581694,0.421477,0.033261,0.571837,0.367018,0.019404,0.682260,0.558270,0.041308,0.668452,0.432585,0.058151,0.661191,0.358197,0.036480,0.656224,0.293192,0.018683,0.733299,0.560203,0.026481,0.730465,0.440993,0.032666,0.729859,0.370498,0.014072,0.729397,0.306234,-0.002149,0.786834,0.585863,0.007091,0.807938,0.497474,-0.000032,0.820578,0.441444,-0.015141,0.831762,0.388211,-0.027746,
0.736731,0.864320,-0.000031,0.642762,0.818906,-0.032535,0.579083,0.720483,-0.041535,0.542963,0.626524,-0.058085,0.507199,0.563914,-0.075584,0.631905,0.580978,0.032641,0.595767,0.482510,0.026377,0.580561,0.420198,0.010552,0.569251,0.364902,-0.003665,0.684063,0.557019,0.028282,0.668075,0.433621,0.039571,0.658122,0.359566,0.018811,0.649881,0.295568,0.001999,0.734963,0.558769,0.014430,0.731068,0.440129,0.015199,0.729597,0.368489,-0.005047,0.727338,0.302348,-0.021927,0.788907,0.584371,-0.004346,0.809967,0.495854,-0.015099,0.821558,0.439589,-0.031939,0.830316,0.385775,-0.046176,
0.745463,0.856921,-0.000037,0.651071,0.804272,-0.025774,0.592112,0.707087,-0.022315,0.572051,0.611816,-0.023836,0.566616,0.555094,-0.019013,0.641463,0.586662,0.047571,0.604501,0.490137,0.040894,0.584564,0.425700,0.023499,0.569175,0.370022,0.005441,0.690645,0.563249,0.043087,0.667803,0.438855,0.051480,0.650962,0.363120,0.028765,0.637971,0.296039,0.011669,0.740097,0.561955,0.028767,0.731216,0.442394,0.027755,0.724239,0.369828,0.007811,0.716780,0.300498,-0.008807,0.792616,0.582710,0.010255,0.810370,0.492333,-0.004149,0.818218,0.433396,-0.021776,0.823118,0.373530,-0.035989,
0.745880,0.867283,-0.000017,0.658606,0.801946,0.009007,0.605581,0.707846,0.019430,0.582844,0.622483,0.015413,0.577461,0.555300,0.019136,0.661273,0.596289,0.107233,0.645337,0.510016,0.081344,0.636275,0.536844,0.030090,0.632589,0.577526,-0.001433,0.701785,0.578962,0.079140,0.690694,0.469458,0.064023,0.674467,0.455063,0.012673,0.661453,0.464002,-0.022776,0.745222,0.575076,0.042295,0.737745,0.466779,0.037029,0.720630,0.417712,0.009930,0.701162,0.389770,-0.011125,0.795403,0.586819,0.004113,0.797624,0.493178,0.006047,0.792122,0.435511,0.007772,0.778942,0.380921,0.004828,
0.742930,0.871159,-0.000032,0.661685,0.805404,0.009878,0.608872,0.711881,0.013824,0.585138,0.627480,0.003901,0.591893,0.561688,-0.001124,0.676695,0.610262,0.082494,0.661022,0.524565,0.049225,0.631861,0.556728,0.009037,0.616147,0.606775,-0.009301,0.713323,0.597376,0.057032,0.693773,0.502445,0.023004,0.659417,0.544075,-0.036192,0.643368,0.602420,-0.073888,0.753395,0.596643,0.024273,0.735678,0.507540,0.004810,0.696046,0.534458,-0.034734,0.668986,0.582852,-0.062714,0.797692,0.604930,-0.006741,0.793857,0.518127,-0.001347,0.778528,0.468589,-0.007905,0.757345,0.435436,-0.020250,
0.748961,0.861077,0.000038,0.661205,0.803289,0.020264,0.609060,0.712693,0.030134,0.583789,0.632712,0.026110,0.590313,0.562717,0.028068,0.679593,0.614251,0.107517,0.658541,0.535955,0.082694,0.630426,0.556153,0.039575,0.617255,0.599309,0.008674,0.716748,0.599406,0.078454,0.698752,0.504159,0.062300,0.663362,0.524777,0.010666,0.645322,0.574891,-0.030866,0.756706,0.598040,0.039762,0.743916,0.500225,0.026022,0.706719,0.509574,-0.008691,0.680725,0.551870,-0.034932,0.803400,0.608775,0.002143,0.791322,0.525063,-0.009198,0.755690,0.506815,-0.023124,0.718197,0.520734,-0.035856,
0.742969,0.854904,-0.000030,0.660240,0.803832,0.017235,0.611372,0.710906,0.033822,0.591638,0.631309,0.034643,0.590100,0.563888,0.036955,0.671864,0.609827,0.119985,0.651153,0.540769,0.101350,0.630163,0.540342,0.056636,0.614032,0.558627,0.025311,0.710681,0.588840,0.094957,0.691926,0.506276,0.100297,0.673664,0.464976,0.063824,0.656297,0.441963,0.038465,0.751754,0.584425,0.058195,0.737265,0.496416,0.067281,0.721205,0.448299,0.045371,0.702283,0.416782,0.025942,0.797445,0.595816,0.018925,0.789399,0.516792,0.023465,0.773733,0.467703,0.015881,0.750840,0.424526,0.007007,
0.751429,0.835118,-0.000040,0.663800,0.803993,0.006523,0.612396,0.718066,0.026539,0.594292,0.632619,0.038643,0.590830,0.573289,0.055284,0.666292,0.615264,0.086577,0.631883,0.541393,0.081780,0.610933,0.493276,0.058890,0.590425,0.449239,0.040117,0.711040,0.589026,0.069122,0.688926,0.492714,0.081395,0.671990,0.431949,0.055912,0.653984,0.378709,0.029284,0.755802,0.580580,0.043785,0.739821,0.481173,0.052016,0.725579,0.422082,0.032143,0.705079,0.369094,0.011550,0.803539,0.588621,0.014697,0.802197,0.504062,0.017882,0.792630,0.449579,0.009441,0.774459,0.399170,0.001517,
0.750193,0.833061,-0.000056,0.663391,0.807201,-0.010489,0.613082,0.717223,-0.004264,0.599516,0.628467,-0.004875,0.595726,0.564781,-0.004301,0.667642,0.611038,0.062308,0.633746,0.528073,0.051816,0.614024,0.473354,0.026790,0.596504,0.425566,0.008130,0.715662,0.586730,0.049731,0.696899,0.482103,0.056633,0.682075,0.413627,0.029825,0.666632,0.356745,0.004370,0.761947,0.582609,0.028387,0.749773,0.475748,0.033409,0.738997,0.412150,0.009845,0.723545,0.356542,-0.014572,0.810866,0.597202,0.003156,0.812616,0.508453,0.001635,0.808247,0.449708,-0.009776,0.798527,0.396054,-0.021716,
0.751839,0.840394,-0.000091,0.666813,0.814389,-0.022143,0.615823,0.722134,-0.024576,0.603727,0.633886,-0.030746,0.598377,0.573485,-0.036583,0.673423,0.610520,0.033866,0.640662,0.524777,0.015657,0.623772,0.468088,-0.009246,0.608746,0.417580,-0.027342,0.723788,0.587426,0.025899,0.707740,0.479904,0.024670,0.695546,0.408288,-0.006127,0.682859,0.346550,-0.033923,0.771453,0.586909,0.010943,0.762794,0.478800,0.010725,0.754804,0.413983,-0.015822,0.742873,0.355268,-0.041995,0.819476,0.606393,-0.008067,0.825285,0.517665,-0.014733,0.823682,0.458979,-0.029289,0.817273,0.402534,-0.044482,
0.761287,0.846128,-0.000051,0.671906,0.816286,-0.015922,0.618508,0.725828,-0.012505,0.603330,0.639172,-0.016781,0.597403,0.574684,-0.022246,0.676424,0.612667,0.066914,0.643172,0.522587,0.063294,0.626499,0.461355,0.044472,0.612954,0.409649,0.029312,0.728125,0.591775,0.056615,0.714043,0.479890,0.070652,0.703501,0.406587,0.046202,0.692649,0.347851,0.023287,0.776733,0.591398,0.037178,0.770210,0.481325,0.047986,0.764168,0.414359,0.026856,0.754249,0.357346,0.003899,0.825312,0.607910,0.013083,0.834373,0.518258,0.014663,0.836116,0.460234,0.004361,0.832591,0.408209,-0.007092,
0.763674,0.856419,-0.000069,0.676013,0.823509,-0.018839,0.618919,0.730967,-0.015432,0.600100,0.642840,-0.018413,0.600816,0.581171,-0.020324,0.676705,0.615693,0.060035,0.644220,0.524541,0.056016,0.628949,0.463357,0.037631,0.616828,0.411457,0.023011,0.728293,0.594053,0.054425,0.717348,0.483627,0.072880,0.709050,0.411785,0.052479,0.700960,0.354226,0.033636,0.777524,0.594952,0.040341,0.772446,0.486266,0.051461,0.768586,0.420732,0.033684,0.762004,0.365917,0.014718,0.826672,0.615989,0.021968,0.838522,0.529789,0.021689,0.843402,0.473599,0.014060,0.844767,0.424436,0.004931,
0.761343,0.864552,-0.000067,0.673338,0.823586,-0.012357,0.622291,0.728778,-0.007995,0.605718,0.641764,-0.012633,0.598903,0.576657,-0.019121,0.683703,0.615403,0.071295,0.652068,0.525246,0.067948,0.636909,0.465338,0.046920,0.624818,0.413760,0.029971,0.735133,0.596718,0.061510,0.727492,0.484336,0.083214,0.719734,0.413438,0.063155,0.711814,0.355580,0.044415,0.782259,0.598036,0.042784,0.779613,0.487663,0.057322,0.775413,0.423125,0.040434,0.767789,0.367758,0.022844,0.829545,0.617746,0.020211,0.840607,0.528876,0.022444,0.843367,0.470801,0.015881,0.842123,0.418501,0.009072,
0.747816,0.868514,-0.000080,0.663586,0.819760,0.001135,0.620747,0.722891,0.009976,0.607050,0.640404,0.007626,0.599180,0.579101,0.007267,0.685384,0.608791,0.080127,0.659374,0.522621,0.074893,0.642315,0.472659,0.052900,0.628601,0.428515,0.036559,0.734010,0.592616,0.062883,0.732263,0.481092,0.082129,0.728821,0.412906,0.061233,0.725149,0.355460,0.043019,0.778238,0.596614,0.037353,0.783772,0.486863,0.050985,0.785480,0.419087,0.034221,0.781837,0.357426,0.016775,0.822187,0.620401,0.008699,0.834412,0.526591,0.007787,0.837436,0.464568,-0.001036,0.835593,0.406042,-0.008597,
0.742003,0.876325,-0.000061,0.666888,0.819514,0.009857,0.630295,0.715392,0.009733,0.616254,0.642582,-0.007869,0.604822,0.573215,-0.027253,0.691362,0.603471,0.065913,0.671637,0.518324,0.037939,0.656068,0.522109,0.007025,0.644796,0.532738,-0.013014,0.734552,0.597444,0.033344,0.736236,0.488866,0.032707,0.737102,0.424079,0.020455,0.734159,0.358068,0.016511,0.774982,0.617373,-0.009046,0.770784,0.511339,-0.020812,0.766976,0.438438,-0.040879,0.759149,0.368375,-0.053968,0.814697,0.657942,-0.052795,0.784650,0.585967,-0.085863,0.750466,0.561579,-0.102920,0.716988,0.542498,-0.110777,
0.739110,0.877510,-0.000024,0.668872,0.818969,0.003598,0.632360,0.713567,0.008514,0.620692,0.630501,-0.003205,0.608060,0.560669,-0.017817,0.690238,0.608908,0.073839,0.679219,0.519332,0.063296,0.675153,0.461179,0.054216,0.671754,0.410224,0.042362,0.732059,0.605488,0.044273,0.729601,0.496410,0.034222,0.731748,0.426306,0.011676,0.732522,0.357619,-0.005255,0.770831,0.623276,0.005462,0.758405,0.525099,-0.015222,0.740597,0.463891,-0.043817,0.720106,0.407173,-0.067224,0.813533,0.656513,-0.034741,0.786661,0.586157,-0.076796,0.753404,0.557464,-0.108427,0.718602,0.535563,-0.131080,
0.745881,0.886543,-0.000056,0.666796,0.822814,0.015731,0.621411,0.722554,0.024962,0.604033,0.644218,0.016145,0.596555,0.572243,0.006414,0.682523,0.623488,0.092188,0.673949,0.536488,0.070925,0.659697,0.519454,0.036720,0.645543,0.513599,0.011610,0.721676,0.618497,0.061566,0.703237,0.519480,0.038315,0.672600,0.488348,-0.021354,0.641573,0.477551,-0.067124,0.764927,0.626464,0.023139,0.743769,0.528538,-0.000706,0.712249,0.508656,-0.055465,0.682732,0.512935,-0.094594,0.814920,0.646618,-0.015168,0.792951,0.565500,-0.040315,0.760124,0.531846,-0.073383,0.722381,0.516781,-0.101034,
0.751342,0.882051,-0.000035,0.670280,0.827389,-0.001426,0.619951,0.731631,0.007432,0.604027,0.645993,0.005817,0.603752,0.582705,0.008133,0.675586,0.631302,0.079523,0.653209,0.551004,0.072603,0.635401,0.498547,0.051285,0.616829,0.451043,0.032226,0.717908,0.615230,0.058876,0.691266,0.523904,0.048977,0.662156,0.469373,0.004449,0.629894,0.424638,-0.034683,0.763381,0.616913,0.029702,0.747717,0.522541,0.016852,0.725852,0.479187,-0.017713,0.698949,0.452075,-0.043920,0.813609,0.634069,-0.001435,0.813123,0.545901,-0.015791,0.804630,0.487870,-0.036452,0.787469,0.435682,-0.054610,
0.751724,0.866876,-0.000041,0.670835,0.829476,-0.008293,0.623215,0.735170,-0.002240,0.609929,0.648093,-0.002537,0.607598,0.589171,-0.002466,0.678260,0.624378,0.057314,0.646493,0.540848,0.039841,0.625607,0.484282,0.007885,0.606638,0.434437,-0.017349,0.727295,0.604457,0.041004,0.709650,0.496283,0.043982,0.694639,0.424367,0.016087,0.679819,0.363663,-0.008910,0.775172,0.608968,0.015103,0.768321,0.498054,0.014513,0.762144,0.429511,-0.009823,0.751780,0.367851,-0.034125,0.824901,0.635925,-0.013746,0.836533,0.549868,-0.021705,0.838317,0.490877,-0.037711,0.834175,0.436295,-0.052355,
0.749620,0.860569,-0.000055,0.663908,0.818704,-0.024764,0.615809,0.721946,-0.021164,0.608047,0.631678,-0.021066,0.612211,0.570657,-0.019875,0.670965,0.611656,0.046568,0.643478,0.512985,0.035819,0.632147,0.449196,0.009236,0.623668,0.395055,-0.011632,0.725176,0.596683,0.043249,0.720050,0.481131,0.052892,0.716579,0.407105,0.025696,0.713860,0.347625,0.000421,0.776568,0.607227,0.030756,0.780601,0.499034,0.035020,0.782671,0.433615,0.011983,0.782750,0.378019,-0.012544,0.827122,0.639849,0.013642,0.849279,0.564025,0.007923,0.861113,0.513828,-0.005856,0.869376,0.467972,-0.019160,
0.718534,0.878742,-0.000052,0.640986,0.832744,-0.037317,0.598796,0.733510,-0.063065,0.600561,0.657093,-0.093942,0.613479,0.617801,-0.126509,0.673254,0.598754,0.001018,0.679484,0.504216,-0.015692,0.685631,0.442486,-0.044035,0.687496,0.389198,-0.072531,0.720770,0.594529,-0.008921,0.730259,0.491393,-0.018350,0.733495,0.422629,-0.051067,0.731667,0.360074,-0.077560,0.765424,0.612336,-0.023675,0.780636,0.512386,-0.031380,0.786153,0.446982,-0.054859,0.785281,0.388342,-0.077666,0.810868,0.652059,-0.047446,0.839084,0.572459,-0.063846,0.852785,0.516677,-0.075076,0.859988,0.459340,-0.088006,
0.104647,0.822228,-0.000114,0.194158,0.787682,-0.019481,0.257302,0.691759,-0.022503,0.281139,0.602344,-0.030520,0.295711,0.541939,-0.039911,0.217323,0.561493,0.028828,0.251621,0.472046,0.011546,0.265604,0.413512,-0.004178,0.273304,0.359053,-0.016182,0.164134,0.538127,0.018190,0.181519,0.428805,0.011735,0.186660,0.360354,-0.004296,0.187990,0.299684,-0.015921,0.112185,0.540709,-0.003723,0.115502,0.437330,-0.016975,0.115750,0.368756,-0.036931,0.117416,0.307799,-0.054990,0.057840,0.566960,-0.029464,0.040919,0.486879,-0.047188,0.031479,0.430482,-0.068084,0.024796,0.374397,-0.084628,
0.702915,0.826747,-0.000111,0.621002,0.856754,-0.037593,0.555828,0.822360,-0.053315,0.524199,0.773308,-0.065975,0.516357,0.730556,-0.080156,0.565429,0.711395,-0.069213,0.515473,0.651449,-0.112866,0.483781,0.618633,-0.138758,0.462583,0.595073,-0.155525,0.601841,0.669657,-0.074901,0.562361,0.589303,-0.111519,0.528186,0.528985,-0.146014,0.498977,0.476292,-0.164513,0.647996,0.650814,-0.082115,0.620549,0.562507,-0.125115,0.595704,0.498376,-0.166160,0.572469,0.440527,-0.194373,0.697088,0.654713,-0.091780,0.682569,0.605367,-0.143391,0.667905,0.591127,-0.183496,0.654364,0.582426,-0.210550,
,,,,,,,,,,,,,,,,,,,,,,
,,,,,,,,,,,,,,,,,,,,,,
0.803976,0.837022,-0.000120,0.718653,0.770773,-0.033807,0.672846,0.643215,-0.051493,0.683644,0.528212,-0.071017,0.726818,0.472600,-0.085327,0.752642,0.547992,-0.007136,0.766579,0.431398,-0.041354,0.774452,0.372892,-0.080258,0.782948,0.323252,-0.106700,0.816904,0.558776,-0.016465,0.845683,0.436026,-0.030783,0.863279,0.370077,-0.056885,0.875242,0.312774,-0.081352,0.868681,0.588698,-0.034619,0.902303,0.477646,-0.055254,0.919246,0.411422,-0.082015,0.930686,0.347685,-0.104369,0.912425,0.634608,-0.056937,0.945842,0.548134,-0.073156,0.963014,0.491891,-0.087031,0.973250,0.436450,-0.102517,
0.816159,0.856096,-0.000082,0.725353,0.810054,-0.065338,0.686335,0.717686,-0.115817,0.677963,0.650166,-0.164236,0.670109,0.604768,-0.213328,0.728036,0.583929,-0.101755,0.715073,0.473994,-0.161137,0.711821,0.416915,-0.200655,0.713992,0.372361,-0.220095,0.781160,0.574930,-0.105659,0.775569,0.457158,-0.161591,0.779835,0.389279,-0.198926,0.786570,0.329003,-0.220393,0.831997,0.588289,-0.115128,0.838479,0.470233,-0.160824,0.847414,0.406908,-0.197956,0.854349,0.349066,-0.221536,0.881011,0.626131,-0.130026,0.901976,0.533875,-0.173720,0.911960,0.477360,-0.194858,0.921189,0.422951,-0.215902,
,,,,,,,,,,,,,,,,,,,,,,
0.639520,0.909316,-0.000076,0.561634,0.931397,-0.046326,0.481557,0.879082,-0.065988,0.433705,0.810545,-0.089499,0.401843,0.754663,-0.110055,0.482880,0.744799,0.012363,0.432298,0.686643,-0.014181,0.400942,0.649196,-0.043750,0.372549,0.616635,-0.067623,0.519815,0.698752,0.010970,0.480433,0.619364,0.001924,0.452932,0.570442,-0.027415,0.426003,0.523809,-0.048290,0.563778,0.673552,-0.000431,0.529868,0.586807,-0.007359,0.506637,0.536663,-0.030175,0.480982,0.492299,-0.052347,0.617101,0.665401,-0.018608,0.603753,0.585298,-0.031078,0.591694,0.536160,-0.044816,0.574597,0.491215,-0.062165,
,,,,,,,,,,,,,,,,,,,,,,
,,,,,,,,,,,,,,,,,,,,,,
,,,,,,,,,,,,,,,,,,,,,,
0.155655,0.855434,-0.000033,0.247603,0.845441,-0.033165,0.324673,0.760621,-0.039137,0.364528,0.669340,-0.050957,0.395374,0.602412,-0.064686,0.307199,0.612657,0.053552,0.351592,0.515563,0.044435,0.374822,0.469175,0.024586,0.391058,0.432293,0.008374,0.258942,0.580657,0.050130,0.292480,0.465149,0.064738,0.312437,0.410968,0.051706,0.324072,0.367251,0.038471,0.208253,0.572919,0.031057,0.230308,0.463825,0.029824,0.246220,0.404920,0.010289,0.258562,0.353145,-0.014291,0.150911,0.584880,0.004514,0.156141,0.504528,-0.009081,0.165886,0.452678,-0.030409,0.175602,0.401172,-0.050667,
0.108663,0.834118,-0.000074,0.212644,0.791441,-0.010431,0.282786,0.708273,-0.018770,0.308794,0.632007,-0.031036,0.309484,0.586675,-0.046620,0.244464,0.571424,0.050525,0.250804,0.460322,0.036380,0.263514,0.407248,0.006489,0.271788,0.379276,-0.019065,0.198393,0.561113,0.032248,0.208281,0.440533,0.028300,0.220534,0.386303,-0.006108,0.229607,0.358608,-0.036983,0.152303,0.567920,0.003855,0.165867,0.464835,-0.007784,0.180677,0.421852,-0.038110,0.193823,0.401256,-0.061255,0.104502,0.588583,-0.027086,0.119363,0.514153,-0.054140,0.135093,0.503195,-0.068834,0.149317,0.503565,-0.082821,
,,,,,,,,,,,,,,,,,,,,,,
,,,,,,,,,,,,,,,,,,,,,,
,,,,,,,,,,,,,,,,,,,,,,
0.654004,0.919583,-0.000032,0.572502,0.944737,-0.090290,0.491118,0.891166,-0.143416,0.452492,0.809335,-0.187194,0.420733,0.746106,-0.235719,0.476902,0.761734,-0.129506,0.425007,0.680755,-0.214123,0.402529,0.631444,-0.294426,0.395297,0.594759,-0.356249,0.530216,0.714112,-0.124367,0.497654,0.611113,-0.198652,0.474219,0.545980,-0.268215,0.459309,0.495022,-0.322879,0.586787,0.693641,-0.127411,0.564473,0.583479,-0.189202,0.541066,0.517390,-0.246553,0.516237,0.463503,-0.294622,0.648283,0.694556,-0.137932,0.638478,0.607201,-0.196983,0.624816,0.551250,-0.239759,0.606485,0.502965,-0.280629,
,,,,,,,,,,,,,,,,,,,,,,
,,,,,,,,,,,,,,,,,,,,,,
0.175731,0.893023,-0.000094,0.271157,0.894143,-0.016371,0.340925,0.812595,-0.011879,0.376177,0.733084,-0.021239,0.400293,0.677484,-0.032422,0.327123,0.672302,0.070390,0.373683,0.583100,0.066531,0.405669,0.531538,0.049870,0.429139,0.495907,0.030573,0.282646,0.636779,0.057574,0.314374,0.525401,0.063535,0.336981,0.456592,0.045835,0.353554,0.404567,0.036258,0.233531,0.624179,0.033525,0.258209,0.517526,0.033180,0.277660,0.450975,0.013297,0.292854,0.401871,-0.005043,0.179539,0.632600,0.002993,0.192639,0.546200,-0.013612,0.204424,0.488428,-0.035361,0.218029,0.438105,-0.053563,
0.812072,0.886488,-0.000171,0.722489,0.797335,-0.053157,0.680891,0.654083,-0.080549,0.688059,0.532207,-0.105938,0.715031,0.464436,-0.124135,0.774887,0.540331,-0.027735,0.796584,0.415952,-0.064035,0.809882,0.358306,-0.098061,0.819618,0.314728,-0.124752,0.845239,0.557383,-0.025969,0.886966,0.431287,-0.039227,0.909266,0.354182,-0.064488,0.922529,0.291051,-0.091301,0.896569,0.598416,-0.033805,0.945047,0.492488,-0.055163,0.968266,0.415403,-0.087174,0.982538,0.345128,-0.118759,0.934396,0.658504,-0.046056,0.979100,0.586065,-0.063283,1.000418,0.545162,-0.080738,1.014432,0.502959,-0.102222,
0.815141,0.914627,-0.000154,0.714090,0.834775,-0.016395,0.669575,0.705893,-0.035863,0.661442,0.620006,-0.070307,0.656197,0.565284,-0.105188,0.724756,0.582035,0.014037,0.684101,0.486049,-0.056050,0.657089,0.509819,-0.116995,0.647423,0.558506,-0.142277,0.781696,0.577318,-0.015855,0.775961,0.443999,-0.049177,0.784293,0.378607,-0.085433,0.792898,0.325141,-0.110275,0.837586,0.602618,-0.056518,0.856425,0.471037,-0.083708,0.869877,0.400458,-0.109954,0.879959,0.339772,-0.128155,0.893642,0.652507,-0.103439,0.933862,0.549724,-0.129857,0.953362,0.485329,-0.132951,0.964902,0.420952,-0.136692,
,,,,,,,,,,,,,,,,,,,,,,
,,,,,,,,,,,,,,,,,,,,,,
0.636155,0.915469,-0.000052,0.558717,0.932877,-0.064520,0.486418,0.872410,-0.093793,0.452955,0.794012,-0.119380,0.429776,0.741517,-0.145464,0.497867,0.742274,-0.058222,0.445969,0.662897,-0.099870,0.416815,0.617660,-0.138588,0.393744,0.575846,-0.172232,0.543241,0.701913,-0.056592,0.504709,0.595219,-0.088561,0.480263,0.534613,-0.133969,0.457811,0.480250,-0.166571,0.590483,0.688030,-0.062042,0.563702,0.577832,-0.087933,0.542062,0.517112,-0.129937,0.518688,0.460706,-0.167192,0.642355,0.690997,-0.074407,0.635606,0.602156,-0.103522,0.627511,0.548772,-0.134175,0.614534,0.496542,-0.163037,
,,,,,,,,,,,,,,,,,,,,,,
,,,,,,,,,,,,,,,,,,,,,,
,,,,,,,,,,,,,,,,,,,,,,
0.130455,0.909203,0.000004,0.220776,0.897793,-0.040869,0.291493,0.813805,-0.050360,0.323238,0.724409,-0.061906,0.343515,0.656534,-0.075456,0.269371,0.660137,0.015951,0.304531,0.550297,-0.005993,0.325813,0.491022,-0.033458,0.341337,0.448013,-0.056058,0.216863,0.634890,0.009802,0.243445,0.510735,0.002722,0.260636,0.441691,-0.025945,0.274601,0.388992,-0.053206,0.163427,0.632777,-0.008863,0.183609,0.518537,-0.026271,0.196516,0.451428,-0.058028,0.208031,0.393505,-0.089279,0.106337,0.652260,-0.034673,0.112405,0.562744,-0.060838,0.118571,0.509702,-0.084113,0.126045,0.457631,-0.106438,
0.111317,0.924376,-0.000047,0.204727,0.902772,-0.024736,0.279657,0.821336,-0.028582,0.311704,0.729260,-0.040316,0.309826,0.661761,-0.047000,0.239900,0.674284,0.049675,0.267029,0.583466,0.018306,0.276643,0.580925,-0.019410,0.274134,0.595534,-0.045034,0.192642,0.645039,0.040268,0.219629,0.533567,0.042539,0.237818,0.462858,0.019925,0.249406,0.402070,-0.002904,0.139369,0.639879,0.016869,0.161490,0.535197,0.003862,0.177544,0.466385,-0.019159,0.191449,0.403824,-0.041986,0.079830,0.657511,-0.012091,0.087582,0.568381,-0.034009,0.096243,0.513759,-0.046521,0.108719,0.457860,-0.058151,
0.063465,0.928059,0.000021,0.170320,0.911618,-0.041825,0.241463,0.804514,-0.043851,0.271469,0.705841,-0.045437,0.292525,0.647465,-0.042768,0.212026,0.691582,0.032292,0.249587,0.606542,-0.009317,0.260150,0.590024,-0.038103,0.257615,0.588852,-0.052288,0.160132,0.657369,0.035269,0.190182,0.548493,0.016183,0.205932,0.474800,-0.014221,0.213499,0.410198,-0.033127,0.107639,0.648982,0.024130,0.126894,0.542977,-0.005167,0.141283,0.468432,-0.042850,0.152825,0.398398,-0.068856,0.053269,0.666245,0.008729,0.058197,0.581677,-0.026311,0.064834,0.521873,-0.049742,0.073153,0.454453,-0.067942,
,,,,,,,,,,,,,,,,,,,,,,
,,,,,,,,,,,,,,,,,,,,,,
,,,,,,,,,,,,,,,,,,,,,,
,,,,,,,,,,,,,,,,,,,,,,
,,,,,,,,,,,,,,,,,,,,,,
,,,,,,,,,,,,,,,,,,,,,,
,,,,,,,,,,,,,,,,,,,,,,
,,,,,,,,,,,,,,,,,,,,,,
,,,,,,,,,,,,,,,,,,,,,,
,,,,,,,,,,,,,,,,,,,,,,
,,,,,,,,,,,,,,,,,,,,,,
,,,,,,,,,,,,,,,,,,,,,,
,,,,,,,,,,,,,,,,,,,,,,
,,,,,,,,,,,,,,,,,,,,,,
,,,,,,,,,,,,,,,,,,,,,,
,,,,,,,,,,,,,,,,,,,,,,
,,,,,,,,,,,,,,,,,,,,,,
,,,,,,,,,,,,,,,,,,,,,,
,,,,,,,,,,,,,,,,,,,,,,
,,,,,,,,,,,,,,,,,,,,,,
,,,,,,,,,,,,,,,,,,,,,,
,,,,,,,,,,,,,,,,,,,,,,
,,,,,,,,,,,,,,,,,,,,,,
,,,,,,,,,,,,,,,,,,,,,,
,,,,,,,,,,,,,,,,,,,,,,
,,,,,,,,,,,,,,,,,,,,,,
,,,,,,,,,,,,,,,,,,,,,,
,,,,,,,,,,,,,,,,,,,,,,
,,,,,,,,,,,,,,,,,,,,,,
,,,,,,,,,,,,,,,,,,,,,,
,,,,,,,,,,,,,,,,,,,,,,
,,,,,,,,,,,,,,,,,,,,,,
,,,,,,,,,,,,,,,,,,,,,,
,,,,,,,,,,,,,,,,,,,,,,
0.336825,0.762866,-0.000112,0.319441,0.684038,-0.029420,0.284371,0.625984,-0.059898,0.257439,0.610222,-0.087446,0.248532,0.607705,-0.112439,0.237121,0.657903,-0.075805,0.202274,0.637222,-0.108668,0.233226,0.641659,-0.108336,0.256091,0.647521,-0.099955,0.229605,0.705538,-0.079617,0.199672,0.684300,-0.125527,0.236149,0.684430,-0.130088,0.258904,0.692046,-0.127360,0.231560,0.752401,-0.084227,0.206551,0.728877,-0.116107,0.240586,0.722206,-0.108894,0.262802,0.727678,-0.101560,0.238260,0.797125,-0.090629,0.218421,0.775411,-0.109680,0.245970,0.762326,-0.108333,0.266124,0.761291,-0.107554,
0.344773,0.748322,-0.000052,0.314639,0.801137,-0.065698,0.267968,0.809556,-0.106673,0.236947,0.772684,-0.126883,0.232328,0.738153,-0.137327,0.229498,0.740395,-0.139717,0.218166,0.689826,-0.165456,0.244361,0.702277,-0.161425,0.259754,0.719633,-0.157070,0.236649,0.695515,-0.117220,0.226818,0.652634,-0.147233,0.254778,0.673003,-0.144841,0.269507,0.690573,-0.147902,0.251139,0.661669,-0.092323,0.239701,0.625033,-0.114609,0.265497,0.644558,-0.107633,0.280789,0.661534,-0.108435,0.268877,0.636641,-0.072608,0.262450,0.606338,-0.086143,0.281960,0.622778,-0.086829,0.293030,0.640985,-0.089803,
0.341827,0.751045,-0.000059,0.310911,0.789552,-0.062215,0.271126,0.790403,-0.099112,0.243736,0.766103,-0.119494,0.232020,0.740940,-0.131928,0.250484,0.736847,-0.130622,0.222424,0.697613,-0.163627,0.239524,0.696957,-0.176601,0.259323,0.706084,-0.184327,0.255108,0.705522,-0.110432,0.224709,0.674849,-0.142894,0.242787,0.680309,-0.154481,0.262003,0.690357,-0.166519,0.266166,0.681899,-0.090319,0.236625,0.653050,-0.121630,0.252671,0.658219,-0.131497,0.270856,0.670754,-0.140433,0.281133,0.664905,-0.074792,0.257630,0.635719,-0.100087,0.263695,0.636483,-0.113744,0.273936,0.646482,-0.124295,
0.337073,0.763270,-0.000080,0.328356,0.731947,-0.039735,0.298831,0.704085,-0.068555,0.272532,0.685811,-0.091109,0.247190,0.674345,-0.113749,0.273943,0.700668,-0.084177,0.243104,0.670307,-0.112997,0.251868,0.661019,-0.128263,0.266128,0.658487,-0.135784,0.262605,0.715058,-0.076867,0.234377,0.685798,-0.109195,0.252701,0.681053,-0.121464,0.273041,0.683492,-0.128078,0.257015,0.733800,-0.069629,0.227858,0.708487,-0.096803,0.248675,0.703965,-0.105111,0.271386,0.709000,-0.108355,0.254832,0.756989,-0.064606,0.232201,0.733193,-0.087478,0.245258,0.721576,-0.095741,0.261317,0.719814,-0.100596,
,,,,,,,,,,,,,,,,,,,,,,
0.291402,0.777730,-0.000118,0.331768,0.789818,-0.105194,0.354549,0.743175,-0.176028,0.371128,0.684460,-0.214306,0.380021,0.631005,-0.233479,0.247980,0.703217,-0.267484,0.284507,0.675224,-0.325725,0.309570,0.693603,-0.316400,0.315825,0.703007,-0.303528,0.233389,0.652442,-0.227935,0.286613,0.631762,-0.285368,0.309960,0.660268,-0.259480,0.309884,0.678171,-0.247703,0.237355,0.619830,-0.185781,0.297712,0.601264,-0.226162,0.312259,0.630758,-0.207095,0.307068,0.647067,-0.197690,0.249647,0.595631,-0.152472,0.292499,0.574423,-0.179921,0.306437,0.595677,-0.190360,0.305180,0.609714,-0.198709,
0.258606,0.753269,-0.000106,0.341707,0.730828,-0.036193,0.397666,0.676402,-0.091216,0.429544,0.624047,-0.137503,0.446224,0.578010,-0.180884,0.305840,0.649458,-0.180362,0.348416,0.636586,-0.253210,0.380203,0.628270,-0.269308,0.392629,0.626351,-0.271298,0.264789,0.650553,-0.177453,0.330669,0.667010,-0.235427,0.353431,0.686496,-0.211976,0.347116,0.701451,-0.200893,0.240306,0.664383,-0.172714,0.308421,0.684762,-0.216493,0.328016,0.706221,-0.178351,0.322407,0.714816,-0.154101,0.225379,0.685403,-0.168157,0.286167,0.689233,-0.200383,0.308932,0.709109,-0.185456,0.309139,0.718441,-0.174099,
0.371294,0.759793,-0.000066,0.372751,0.695128,-0.042577,0.358398,0.638608,-0.082497,0.340918,0.606094,-0.115043,0.327733,0.582507,-0.149489,0.305533,0.654187,-0.112856,0.264407,0.630443,-0.150378,0.273881,0.622419,-0.163610,0.290511,0.622153,-0.171824,0.287826,0.694498,-0.110161,0.251938,0.669629,-0.157592,0.276922,0.666390,-0.163586,0.300581,0.670215,-0.162742,0.279393,0.737890,-0.107246,0.250360,0.709333,-0.146569,0.278655,0.706807,-0.143317,0.302474,0.712767,-0.136997,0.276443,0.780935,-0.108245,0.256755,0.758691,-0.140280,0.277361,0.748127,-0.143988,0.296160,0.745180,-0.143649,
0.372634,0.759122,-0.000064,0.381742,0.697983,-0.047019,0.374080,0.641889,-0.090738,0.361410,0.613127,-0.125078,0.354361,0.591463,-0.158874,0.315241,0.651359,-0.124831,0.285232,0.624796,-0.164249,0.297053,0.621315,-0.178061,0.313472,0.621374,-0.185934,0.295365,0.694330,-0.121335,0.270422,0.672013,-0.176066,0.295621,0.670209,-0.184653,0.317111,0.673010,-0.187375,0.286283,0.740709,-0.116561,0.266637,0.716105,-0.160728,0.295251,0.711244,-0.160947,0.316623,0.713648,-0.159126,0.283028,0.785562,-0.115906,0.272373,0.764185,-0.148706,0.294780,0.751315,-0.155112,0.311459,0.746779,-0.159063,
,,,,,,,,,,,,,,,,,,,,,,
,,,,,,,,,,,,,,,,,,,,,,
,,,,,,,,,,,,,,,,,,,,,,
,,,,,,,,,,,,,,,,,,,,,,
,,,,,,,,,,,,,,,,,,,,,,
,,,,,,,,,,,,,,,,,,,,,,
,,,,,,,,,,,,,,,,,,,,,,
,,,,,,,,,,,,,,,,,,,,,,
,,,,,,,,,,,,,,,,,,,,,,
,,,,,,,,,,,,,,,,,,,,,,
,,,,,,,,,,,,,,,,,,,,,,
,,,,,,,,,,,,,,,,,,,,,,
,,,,,,,,,,,,,,,,,,,,,,
,,,,,,,,,,,,,,,,,,,,,,
,,,,,,,,,,,,,,,,,,,,,,
,,,,,,,,,,,,,,,,,,,,,,
,,,,,,,,,,,,,,,,,,,,,,
,,,,,,,,,,,,,,,,,,,,,,
,,,,,,,,,,,,,,,,,,,,,,
,,,,,,,,,,,,,,,,,,,,,,
,,,,,,,,,,,,,,,,,,,,,,
,,,,,,,,,,,,,,,,,,,,,,
,,,,,,,,,,,,,,,,,,,,,,
,,,,,,,,,,,,,,,,,,,,,,
,,,,,,,,,,,,,,,,,,,,,,
,,,,,,,,,,,,,,,,,,,,,,
,,,,,,,,,,,,,,,,,,,,,,
,,,,,,,,,,,,,,,,,,,,,,
,,,,,,,,,,,,,,,,,,,,,,
,,,,,,,,,,,,,,,,,,,,,,
,,,,,,,,,,,,,,,,,,,,,,
,,,,,,,,,,,,,,,,,,,,,,
,,,,,,,,,,,,,,,,,,,,,,
,,,,,,,,,,,,,,,,,,,,,,
,,,,,,,,,,,,,,,,,,,,,,
,,,,,,,,,,,,,,,,,,,,,,
,,,,,,,,,,,,,,,,,,,,,,
,,,,,,,,,,,,,,,,,,,,,,
,,,,,,,,,,,,,,,,,,,,,,
,,,,,,,,,,,,,,,,,,,,,,
,,,,,,,,,,,,,,,,,,,,,,
,,,,,,,,,,,,,,,,,,,,,,
,,,,,,,,,,,,,,,,,,,,,,
,,,,,,,,,,,,,,,,,,,,,,
,,,,,,,,,,,,,,,,,,,,,,
,,,,,,,,,,,,,,,,,,,,,,
,,,,,,,,,,,,,,,,,,,,,,
,,,,,,,,,,,,,,,,,,,,,,
,,,,,,,,,,,,,,,,,,,,,,
,,,,,,,,,,,,,,,,,,,,,,
0.117214,0.863354,0.000006,0.162809,0.858407,-0.027916,0.191864,0.853575,-0.062690,0.208053,0.839783,-0.090418,0.210504,0.837735,-0.117791,0.153792,0.852439,-0.119924,0.165911,0.866410,-0.148817,0.168739,0.875343,-0.166244,0.171208,0.886715,-0.177495,0.121809,0.845665,-0.114500,0.131038,0.862541,-0.134980,0.136056,0.874396,-0.132732,0.137929,0.885802,-0.138438,0.095282,0.840005,-0.103133,0.098046,0.846296,-0.116016,0.098162,0.855405,-0.104557,0.097202,0.862062,-0.104548,0.074888,0.835496,-0.095494,0.064872,0.831556,-0.103953,0.055601,0.834734,-0.101268,0.048726,0.838046,-0.105689,
,,,,,,,,,,,,,,,,,,,,,,
,,,,,,,,,,,,,,,,,,,,,,
,,,,,,,,,,,,,,,,,,,,,,
,,,,,,,,,,,,,,,,,,,,,,
,,,,,,,,,,,,,,,,,,,,,,
,,,,,,,,,,,,,,,,,,,,,,
,,,,,,,,,,,,,,,,,,,,,,
,,,,,,,,,,,,,,,,,,,,,,
,,,,,,,,,,,,,,,,,,,,,,
0.235250,0.888392,-0.000005,0.244043,0.854885,0.031270,0.246221,0.839754,0.055629,0.242897,0.824869,0.070586,0.237496,0.818044,0.088599,0.220880,0.852121,0.089088,0.217774,0.827064,0.098744,0.225023,0.820328,0.096717,0.232520,0.824650,0.096343,0.211943,0.851839,0.073021,0.204647,0.813199,0.078379,0.216660,0.804877,0.069474,0.226910,0.812264,0.069881,0.205600,0.846570,0.055140,0.200109,0.807214,0.058014,0.212161,0.798420,0.054440,0.220357,0.803703,0.057609,0.201542,0.836872,0.039785,0.195603,0.808229,0.043016,0.203278,0.797533,0.042419,0.209567,0.798016,0.047979,
0.107650,0.863381,-0.000051,0.119053,0.865549,-0.040580,0.144316,0.872545,-0.052306,0.160605,0.889061,-0.049833,0.165918,0.902477,-0.037232,0.190573,0.828208,-0.039326,0.235960,0.816711,-0.037295,0.244826,0.834235,-0.040546,0.242791,0.849901,-0.047321,0.194521,0.834422,-0.013379,0.240956,0.828004,-0.006721,0.246762,0.846027,-0.005446,0.240836,0.859581,-0.005976,0.189743,0.846422,0.010743,0.226202,0.844874,0.022016,0.231290,0.861971,0.019313,0.224985,0.874805,0.018150,0.182520,0.861963,0.031129,0.206785,0.867185,0.037273,0.208971,0.880014,0.035621,0.203601,0.887588,0.036509,
0.121020,0.864557,0.000018,0.119353,0.835438,-0.059227,0.127089,0.819745,-0.100109,0.123704,0.818944,-0.125846,0.116827,0.821802,-0.146041,0.185451,0.827843,-0.102253,0.225154,0.818208,-0.134125,0.237061,0.825505,-0.157316,0.232886,0.837798,-0.171098,0.183599,0.855027,-0.084496,0.212024,0.862575,-0.116610,0.214473,0.865263,-0.133959,0.205932,0.868084,-0.142152,0.169775,0.880641,-0.067886,0.176540,0.905236,-0.098381,0.166785,0.907560,-0.110586,0.154093,0.903488,-0.113112,0.153868,0.905515,-0.054841,0.155103,0.930166,-0.083103,0.148348,0.936087,-0.097550,0.140182,0.933756,-0.103840,
,,,,,,,,,,,,,,,,,,,,,,
0.157330,0.908967,0.000009,0.136852,0.879302,0.030437,0.140290,0.843984,0.039037,0.160786,0.815595,0.049181,0.178530,0.804245,0.058572,0.112026,0.808783,0.007278,0.144080,0.787629,0.035415,0.159685,0.798489,0.041441,0.163868,0.813293,0.036481,0.128492,0.797959,-0.000537,0.169590,0.780634,0.031884,0.184753,0.797934,0.038675,0.185321,0.817838,0.032055,0.151882,0.798459,-0.000787,0.193499,0.789553,0.028234,0.205633,0.808573,0.028410,0.199808,0.824445,0.017072,0.175035,0.803099,-0.000256,0.210192,0.792716,0.019533,0.225126,0.806828,0.022100,0.224317,0.822335,0.016824,
0.157199,0.894590,0.000003,0.152315,0.865506,0.053769,0.165228,0.840061,0.087279,0.188762,0.820964,0.111488,0.205286,0.816092,0.132439,0.128335,0.813322,0.097996,0.157087,0.800042,0.144363,0.173543,0.809590,0.158519,0.178769,0.825441,0.162104,0.137982,0.803349,0.086975,0.180072,0.794866,0.137936,0.198588,0.810597,0.139074,0.201283,0.831030,0.135706,0.154055,0.803107,0.083258,0.198438,0.802938,0.124929,0.212348,0.821416,0.111591,0.207307,0.838398,0.099366,0.170154,0.806050,0.082014,0.207316,0.802367,0.108029,0.220963,0.817077,0.105689,0.219001,0.833702,0.102134,
,,,,,,,,,,,,,,,,,,,,,,
,,,,,,,,,,,,,,,,,,,,,,
,,,,,,,,,,,,,,,,,,,,,,
,,,,,,,,,,,,,,,,,,,,,,
,,,,,,,,,,,,,,,,,,,,,,
,,,,,,,,,,,,,,,,,,,,,,
,,,,,,,,,,,,,,,,,,,,,,
,,,,,,,,,,,,,,,,,,,,,,
,,,,,,,,,,,,,,,,,,,,,,
,,,,,,,,,,,,,,,,,,,,,,
0.166259,0.861622,-0.000035,0.160652,0.827131,0.051957,0.156854,0.788576,0.082167,0.153965,0.763296,0.103775,0.154961,0.750604,0.117569,0.136692,0.738045,0.081277,0.130792,0.707709,0.116685,0.137150,0.720998,0.117774,0.143644,0.738624,0.112674,0.138190,0.727101,0.062650,0.132330,0.694751,0.105674,0.140204,0.714447,0.102739,0.149339,0.733477,0.095167,0.144621,0.725136,0.050025,0.140341,0.693313,0.086362,0.149453,0.713011,0.081371,0.158606,0.732469,0.072265,0.154506,0.728612,0.040519,0.151037,0.692721,0.069035,0.158813,0.699014,0.080749,0.167002,0.715023,0.086709,
,,,,,,,,,,,,,,,,,,,,,,
,,,,,,,,,,,,,,,,,,,,,,
,,,,,,,,,,,,,,,,,,,,,,
,,,,,,,,,,,,,,,,,,,,,,
,,,,,,,,,,,,,,,,,,,,,,
,,,,,,,,,,,,,,,,,,,,,,
,,,,,,,,,,,,,,,,,,,,,,
,,,,,,,,,,,,,,,,,,,,,,
,,,,,,,,,,,,,,,,,,,,,,
,,,,,,,,,,,,,,,,,,,,,,
,,,,,,,,,,,,,,,,,,,,,,
,,,,,,,,,,,,,,,,,,,,,,
0.267653,0.560161,-0.000022,0.298031,0.584658,-0.036394,0.328365,0.598779,-0.074332,0.349187,0.605624,-0.102327,0.361924,0.601400,-0.128670,0.325374,0.581382,-0.121961,0.343046,0.589684,-0.172677,0.353673,0.590413,-0.197685,0.363824,0.589232,-0.212549,0.310981,0.555113,-0.121512,0.322003,0.554666,-0.173204,0.335984,0.543204,-0.200669,0.349269,0.531379,-0.219744,0.294633,0.534739,-0.117190,0.304799,0.525624,-0.162642,0.319283,0.514475,-0.190493,0.331372,0.505221,-0.212132,0.279515,0.521853,-0.113271,0.284145,0.508497,-0.144515,0.290699,0.498292,-0.166389,0.296553,0.492263,-0.185957,
0.267415,0.544526,-0.000010,0.289805,0.535768,0.002467,0.310218,0.535972,-0.000085,0.324399,0.538267,-0.001651,0.334775,0.541033,-0.003408,0.321861,0.550259,-0.023955,0.342465,0.550001,-0.032359,0.353712,0.550175,-0.035713,0.362074,0.551078,-0.037543,0.318794,0.556594,-0.025014,0.340683,0.561452,-0.034042,0.353172,0.562136,-0.034345,0.363413,0.562680,-0.033796,0.312801,0.560831,-0.023386,0.333171,0.565132,-0.028203,0.341394,0.565938,-0.026638,0.346919,0.566362,-0.023708,0.304467,0.563694,-0.021229,0.320967,0.566650,-0.022316,0.327610,0.565767,-0.020735,0.331581,0.564895,-0.017078,
,,,,,,,,,,,,,,,,,,,,,,
,,,,,,,,,,,,,,,,,,,,,,
0.211057,0.841207,0.000013,0.190372,0.873204,-0.111292,0.184392,0.861367,-0.178564,0.186649,0.818085,-0.213157,0.196549,0.769683,-0.237081,0.237393,0.825158,-0.233619,0.232499,0.769949,-0.294516,0.227881,0.738201,-0.314750,0.226797,0.719448,-0.325759,0.253306,0.772839,-0.195761,0.245855,0.708529,-0.264415,0.235307,0.681055,-0.285695,0.230395,0.675775,-0.300814,0.253262,0.731932,-0.154913,0.238782,0.672165,-0.214964,0.224271,0.662381,-0.240523,0.217642,0.668408,-0.250119,0.245285,0.700582,-0.121285,0.234031,0.658716,-0.167274,0.221358,0.654231,-0.187958,0.212386,0.663549,-0.195486,
,,,,,,,,,,,,,,,,,,,,,,
,,,,,,,,,,,,,,,,,,,,,,
,,,,,,,,,,,,,,,,,,,,,,
,,,,,,,,,,,,,,,,,,,,,,
,,,,,,,,,,,,,,,,,,,,,,
,,,,,,,,,,,,,,,,,,,,,,
,,,,,,,,,,,,,,,,,,,,,,
,,,,,,,,,,,,,,,,,,,,,,
,,,,,,,,,,,,,,,,,,,,,,
,,,,,,,,,,,,,,,,,,,,,,
,,,,,,,,,,,,,,,,,,,,,,
,,,,,,,,,,,,,,,,,,,,,,
0.208751,0.472820,-0.000044,0.214501,0.414082,-0.029527,0.223564,0.366379,-0.061543,0.238663,0.342196,-0.086975,0.252058,0.318157,-0.110954,0.200342,0.366374,-0.134651,0.203099,0.330184,-0.193060,0.219714,0.303050,-0.220781,0.235433,0.281786,-0.233380,0.206013,0.396800,-0.136282,0.216608,0.375880,-0.201543,0.239601,0.349955,-0.233377,0.259273,0.325358,-0.255140,0.210101,0.428516,-0.133722,0.230256,0.422467,-0.199034,0.244328,0.419829,-0.216395,0.253819,0.416443,-0.217800,0.215418,0.458081,-0.130000,0.235157,0.450181,-0.179616,0.242797,0.456405,-0.196974,0.245422,0.463619,-0.202620,
,,,,,,,,,,,,,,,,,,,,,,
,,,,,,,,,,,,,,,,,,,,,,
,,,,,,,,,,,,,,,,,,,,,,
,,,,,,,,,,,,,,,,,,,,,,
,,,,,,,,,,,,,,,,,,,,,,
,,,,,,,,,,,,,,,,,,,,,,
,,,,,,,,,,,,,,,,,,,,,,
,,,,,,,,,,,,,,,,,,,,,,
,,,,,,,,,,,,,,,,,,,,,,
,,,,,,,,,,,,,,,,,,,,,,
,,,,,,,,,,,,,,,,,,,,,,
0.497170,0.692397,-0.000010,0.515093,0.691307,-0.009132,0.527826,0.684211,-0.021654,0.536557,0.675176,-0.031264,0.540164,0.669915,-0.040328,0.519588,0.654407,-0.037859,0.522732,0.639301,-0.043527,0.520369,0.645310,-0.044574,0.518008,0.652280,-0.044531,0.507389,0.647512,-0.037919,0.506423,0.639248,-0.043312,0.503507,0.642733,-0.048094,0.500760,0.647475,-0.054147,0.496230,0.646501,-0.035228,0.493323,0.638718,-0.040954,0.489642,0.641842,-0.045718,0.485811,0.647212,-0.052120,0.487727,0.650254,-0.033114,0.480518,0.640951,-0.038856,0.474326,0.639168,-0.043094,0.468991,0.641962,-0.048444,
0.512828,0.701735,0.000018,0.496089,0.696905,0.002183,0.484644,0.690575,-0.002970,0.475910,0.684635,-0.006765,0.468783,0.683863,-0.011750,0.499284,0.646508,-0.007393,0.497814,0.631487,0.003439,0.494467,0.633882,0.009356,0.492812,0.641341,0.010981,0.508734,0.638525,-0.007387,0.506924,0.626986,0.007525,0.503364,0.632357,0.012811,0.500752,0.640573,0.011032,0.515531,0.639232,-0.005395,0.513457,0.628956,0.006086,0.509473,0.636891,0.008291,0.506622,0.646488,0.006208,0.521373,0.645470,-0.003586,0.520133,0.638245,0.002471,0.516620,0.645281,0.003309,0.513765,0.652826,0.002702,
0.542731,0.575028,0.000009,0.540749,0.601014,-0.026057,0.535792,0.615909,-0.047266,0.532508,0.624198,-0.062524,0.528211,0.632848,-0.078077,0.549287,0.600681,-0.070936,0.542081,0.592277,-0.096693,0.535156,0.583383,-0.113407,0.528460,0.579290,-0.125913,0.551675,0.580078,-0.066468,0.546847,0.568656,-0.094223,0.539320,0.557485,-0.107853,0.531769,0.552456,-0.119705,0.552572,0.561498,-0.059806,0.549325,0.549685,-0.084275,0.543384,0.536679,-0.097801,0.537953,0.531681,-0.109940,0.551539,0.546804,-0.054151,0.550196,0.535142,-0.074791,0.546159,0.522757,-0.087942,0.541820,0.515194,-0.101006,
0.513795,0.676764,0.000004,0.498181,0.684817,-0.019664,0.486007,0.686332,-0.037961,0.475757,0.689325,-0.055275,0.462126,0.687491,-0.074252,0.494223,0.664639,-0.051994,0.495740,0.659799,-0.076701,0.491469,0.652492,-0.091118,0.484795,0.644947,-0.100674,0.503906,0.655833,-0.052106,0.509004,0.646514,-0.077999,0.501516,0.637199,-0.090788,0.492272,0.630505,-0.099426,0.511109,0.649412,-0.052620,0.514712,0.636908,-0.073121,0.507184,0.629475,-0.085521,0.498855,0.624867,-0.095379,0.516860,0.645786,-0.053828,0.521226,0.632330,-0.068957,0.516534,0.626108,-0.080177,0.510069,0.622939,-0.089923,
,,,,,,,,,,,,,,,,,,,,,,
,,,,,,,,,,,,,,,,,,,,,,
,,,,,,,,,,,,,,,,,,,,,,
,,,,,,,,,,,,,,,,,,,,,,
,,,,,,,,,,,,,,,,,,,,,,
,,,,,,,,,,,,,,,,,,,,,,
,,,,,,,,,,,,,,,,,,,,,,
,,,,,,,,,,,,,,,,,,,,,,
,,,,,,,,,,,,,,,,,,,,,,
,,,,,,,,,,,,,,,,,,,,,,
,,,,,,,,,,,,,,,,,,,,,,
,,,,,,,,,,,,,,,,,,,,,,
,,,,,,,,,,,,,,,,,,,,,,
,,,,,,,,,,,,,,,,,,,,,,
,,,,,,,,,,,,,,,,,,,,,,
,,,,,,,,,,,,,,,,,,,,,,
,,,,,,,,,,,,,,,,,,,,,,
,,,,,,,,,,,,,,,,,,,,,,
,,,,,,,,,,,,,,,,,,,,,,
,,,,,,,,,,,,,,,,,,,,,,
,,,,,,,,,,,,,,,,,,,,,,
,,,,,,,,,,,,,,,,,,,,,,
0.532129,0.628847,-0.000015,0.515634,0.603358,0.002395,0.506302,0.584648,-0.001018,0.500663,0.570392,-0.006977,0.497279,0.559353,-0.013575,0.524393,0.555940,0.000966,0.519725,0.531983,-0.005042,0.511837,0.520466,-0.012136,0.505296,0.514441,-0.017566,0.529865,0.557184,-0.005568,0.524701,0.529268,-0.010376,0.516835,0.517625,-0.014050,0.510463,0.511440,-0.016442,0.533345,0.562069,-0.012933,0.529883,0.536276,-0.016963,0.522981,0.525610,-0.019935,0.517290,0.521261,-0.020456,0.535659,0.570446,-0.020438,0.533530,0.550270,-0.023726,0.528605,0.539776,-0.025297,0.523789,0.533875,-0.024710,
0.530296,0.625179,-0.000018,0.518090,0.600040,0.007274,0.511659,0.581336,0.007619,0.506043,0.567846,0.004637,0.503156,0.556901,0.001755,0.530168,0.552424,0.009666,0.525176,0.529945,0.006409,0.519886,0.515803,0.000493,0.515606,0.504302,-0.004880,0.532924,0.553396,0.001348,0.527700,0.526342,-0.000496,0.522152,0.511625,-0.003443,0.517750,0.499702,-0.005124,0.532785,0.558637,-0.007149,0.525768,0.534571,-0.008339,0.520033,0.523166,-0.009202,0.516084,0.515800,-0.008917,0.530745,0.567392,-0.015875,0.522589,0.550183,-0.017476,0.515631,0.543237,-0.017428,0.509925,0.539746,-0.015369,
,,,,,,,,,,,,,,,,,,,,,,
,,,,,,,,,,,,,,,,,,,,,,
,,,,,,,,,,,,,,,,,,,,,,
,,,,,,,,,,,,,,,,,,,,,,
,,,,,,,,,,,,,,,,,,,,,,
,,,,,,,,,,,,,,,,,,,,,,
,,,,,,,,,,,,,,,,,,,,,,
,,,,,,,,,,,,,,,,,,,,,,
,,,,,,,,,,,,,,,,,,,,,,
,,,,,,,,,,,,,,,,,,,,,,
,,,,,,,,,,,,,,,,,,,,,,
,,,,,,,,,,,,,,,,,,,,,,
,,,,,,,,,,,,,,,,,,,,,,
,,,,,,,,,,,,,,,,,,,,,,
,,,,,,,,,,,,,,,,,,,,,,
,,,,,,,,,,,,,,,,,,,,,,
,,,,,,,,,,,,,,,,,,,,,,
,,,,,,,,,,,,,,,,,,,,,,
,,,,,,,,,,,,,,,,,,,,,,
,,,,,,,,,,,,,,,,,,,,,,
,,,,,,,,,,,,,,,,,,,,,,
,,,,,,,,,,,,,,,,,,,,,,
,,,,,,,,,,,,,,,,,,,,,,
,,,,,,,,,,,,,,,,,,,,,,
,,,,,,,,,,,,,,,,,,,,,,
,,,,,,,,,,,,,,,,,,,,,,
,,,,,,,,,,,,,,,,,,,,,,
,,,,,,,,,,,,,,,,,,,,,,
,,,,,,,,,,,,,,,,,,,,,,
,,,,,,,,,,,,,,,,,,,,,,
,,,,,,,,,,,,,,,,,,,,,,
,,,,,,,,,,,,,,,,,,,,,,
,,,,,,,,,,,,,,,,,,,,,,
,,,,,,,,,,,,,,,,,,,,,,
,,,,,,,,,,,,,,,,,,,,,,
,,,,,,,,,,,,,,,,,,,,,,
,,,,,,,,,,,,,,,,,,,,,,
,,,,,,,,,,,,,,,,,,,,,,
,,,,,,,,,,,,,,,,,,,,,,
,,,,,,,,,,,,,,,,,,,,,,
,,,,,,,,,,,,,,,,,,,,,,
,,,,,,,,,,,,,,,,,,,,,,
,,,,,,,,,,,,,,,,,,,,,,
,,,,,,,,,,,,,,,,,,,,,,
,,,,,,,,,,,,,,,,,,,,,,
,,,,,,,,,,,,,,,,,,,,,,
,,,,,,,,,,,,,,,,,,,,,,
,,,,,,,,,,,,,,,,,,,,,,
,,,,,,,,,,,,,,,,,,,,,,
,,,,,,,,,,,,,,,,,,,,,,
,,,,,,,,,,,,,,,,,,,,,,
,,,,,,,,,,,,,,,,,,,,,,
0.462615,0.623301,-0.000019,0.464697,0.590421,0.017981,0.467114,0.566027,0.018650,0.465397,0.546983,0.014923,0.461925,0.533274,0.010221,0.489138,0.552262,-0.002017,0.489795,0.519375,-0.010779,0.486421,0.499131,-0.018284,0.483795,0.484813,-0.022003,0.489461,0.558310,-0.015904,0.487230,0.520680,-0.024895,0.481544,0.499208,-0.028662,0.477546,0.485336,-0.031676,0.485344,0.565345,-0.028288,0.481076,0.531598,-0.035678,0.472883,0.514320,-0.036295,0.467286,0.504050,-0.036787,0.478145,0.574806,-0.038818,0.470471,0.550416,-0.041497,0.463131,0.538382,-0.039898,0.458007,0.531635,-0.038380,
,,,,,,,,,,,,,,,,,,,,,,
,,,,,,,,,,,,,,,,,,,,,,
,,,,,,,,,,,,,,,,,,,,,,
,,,,,,,,,,,,,,,,,,,,,,
,,,,,,,,,,,,,,,,,,,,,,
,,,,,,,,,,,,,,,,,,,,,,
,,,,,,,,,,,,,,,,,,,,,,
,,,,,,,,,,,,,,,,,,,,,,
,,,,,,,,,,,,,,,,,,,,,,
,,,,,,,,,,,,,,,,,,,,,,
,,,,,,,,,,,,,,,,,,,,,,
,,,,,,,,,,,,,,,,,,,,,,
,,,,,,,,,,,,,,,,,,,,,,
,,,,,,,,,,,,,,,,,,,,,,
,,,,,,,,,,,,,,,,,,,,,,
,,,,,,,,,,,,,,,,,,,,,,
,,,,,,,,,,,,,,,,,,,,,,
,,,,,,,,,,,,,,,,,,,,,,
,,,,,,,,,,,,,,,,,,,,,,
,,,,,,,,,,,,,,,,,,,,,,
,,,,,,,,,,,,,,,,,,,,,,
,,,,,,,,,,,,,,,,,,,,,,
,,,,,,,,,,,,,,,,,,,,,,
,,,,,,,,,,,,,,,,,,,,,,
,,,,,,,,,,,,,,,,,,,,,,
,,,,,,,,,,,,,,,,,,,,,,
,,,,,,,,,,,,,,,,,,,,,,
,,,,,,,,,,,,,,,,,,,,,,
,,,,,,,,,,,,,,,,,,,,,,
,,,,,,,,,,,,,,,,,,,,,,
,,,,,,,,,,,,,,,,,,,,,,
,,,,,,,,,,,,,,,,,,,,,,
,,,,,,,,,,,,,,,,,,,,,,
,,,,,,,,,,,,,,,,,,,,,,
,,,,,,,,,,,,,,,,,,,,,,
,,,,,,,,,,,,,,,,,,,,,,
,,,,,,,,,,,,,,,,,,,,,,
,,,,,,,,,,,,,,,,,,,,,,
,,,,,,,,,,,,,,,,,,,,,,
,,,,,,,,,,,,,,,,,,,,,,
,,,,,,,,,,,,,,,,,,,,,,
,,,,,,,,,,,,,,,,,,,,,,
,,,,,,,,,,,,,,,,,,,,,,
0.249450,0.482193,-0.000025,0.287132,0.494655,-0.006186,0.324951,0.487770,-0.003699,0.351060,0.473432,-0.006115,0.367895,0.458385,-0.011939,0.336659,0.459229,-0.001142,0.356436,0.433460,-0.022566,0.346931,0.430567,-0.038492,0.331763,0.434277,-0.046165,0.327427,0.443203,-0.006557,0.345956,0.420491,-0.036921,0.324231,0.421884,-0.058159,0.299909,0.431401,-0.066733,0.315547,0.429893,-0.013718,0.328709,0.413255,-0.056203,0.301871,0.419425,-0.073365,0.275078,0.432527,-0.073212,0.302900,0.422171,-0.020002,0.316431,0.406163,-0.055558,0.302590,0.409537,-0.067441,0.286628,0.416767,-0.069549,
,,,,,,,,,,,,,,,,,,,,,,
,,,,,,,,,,,,,,,,,,,,,,
,,,,,,,,,,,,,,,,,,,,,,
,,,,,,,,,,,,,,,,,,,,,,
,,,,,,,,,,,,,,,,,,,,,,
,,,,,,,,,,,,,,,,,,,,,,
,,,,,,,,,,,,,,,,,,,,,,
,,,,,,,,,,,,,,,,,,,,,,
,,,,,,,,,,,,,,,,,,,,,,
,,,,,,,,,,,,,,,,,,,,,,
,,,,,,,,,,,,,,,,,,,,,,
,,,,,,,,,,,,,,,,,,,,,,
,,,,,,,,,,,,,,,,,,,,,,
,,,,,,,,,,,,,,,,,,,,,,
,,,,,,,,,,,,,,,,,,,,,,
,,,,,,,,,,,,,,,,,,,,,,
,,,,,,,,,,,,,,,,,,,,,,
,,,,,,,,,,,,,,,,,,,,,,
,,,,,,,,,,,,,,,,,,,,,,
,,,,,,,,,,,,,,,,,,,,,,
,,,,,,,,,,,,,,,,,,,,,,
,,,,,,,,,,,,,,,,,,,,,,
,,,,,,,,,,,,,,,,,,,,,,
,,,,,,,,,,,,,,,,,,,,,,
,,,,,,,,,,,,,,,,,,,,,,
,,,,,,,,,,,,,,,,,,,,,,
,,,,,,,,,,,,,,,,,,,,,,
,,,,,,,,,,,,,,,,,,,,,,
,,,,,,,,,,,,,,,,,,,,,,
,,,,,,,,,,,,,,,,,,,,,,
,,,,,,,,,,,,,,,,,,,,,,
,,,,,,,,,,,,,,,,,,,,,,
,,,,,,,,,,,,,,,,,,,,,,
,,,,,,,,,,,,,,,,,,,,,,
,,,,,,,,,,,,,,,,,,,,,,
,,,,,,,,,,,,,,,,,,,,,,
,,,,,,,,,,,,,,,,,,,,,,
,,,,,,,,,,,,,,,,,,,,,,
,,,,,,,,,,,,,,,,,,,,,,
0.054260,0.527868,-0.000027,0.058120,0.496568,-0.025944,0.073834,0.473815,-0.047565,0.088623,0.462202,-0.064926,0.101658,0.457442,-0.082621,0.099160,0.484346,-0.061430,0.118404,0.477866,-0.084424,0.132554,0.473019,-0.097277,0.142686,0.469192,-0.106691,0.102210,0.506588,-0.058428,0.123113,0.504127,-0.083053,0.139362,0.500501,-0.097622,0.153611,0.497537,-0.110461,0.101294,0.529249,-0.055114,0.122909,0.533060,-0.074983,0.139773,0.535413,-0.088183,0.154943,0.535777,-0.100562,0.096650,0.550821,-0.052888,0.118631,0.553624,-0.069671,0.134202,0.553980,-0.079513,0.149771,0.553019,-0.089325,
,,,,,,,,,,,,,,,,,,,,,,
,,,,,,,,,,,,,,,,,,,,,,
,,,,,,,,,,,,,,,,,,,,,,
,,,,,,,,,,,,,,,,,,,,,,
,,,,,,,,,,,,,,,,,,,,,,
,,,,,,,,,,,,,,,,,,,,,,
0.145294,0.500880,-0.000028,0.143499,0.466762,-0.019050,0.153814,0.438502,-0.034345,0.164576,0.420134,-0.046328,0.174945,0.408645,-0.061636,0.178086,0.443492,-0.059049,0.191836,0.429684,-0.078660,0.196273,0.424453,-0.087620,0.197885,0.421850,-0.094358,0.180347,0.459733,-0.058698,0.182087,0.446619,-0.084049,0.171853,0.446673,-0.090483,0.165519,0.450239,-0.093969,0.178222,0.478493,-0.057711,0.176587,0.469448,-0.082361,0.161357,0.470991,-0.085415,0.151998,0.476067,-0.083537,0.173768,0.498937,-0.057382,0.180468,0.495975,-0.079440,0.178479,0.496734,-0.087608,0.178787,0.499622,-0.089593,
,,,,,,,,,,,,,,,,,,,,,,
,,,,,,,,,,,,,,,,,,,,,,
,,,,,,,,,,,,,,,,,,,,,,
,,,,,,,,,,,,,,,,,,,,,,
,,,,,,,,,,,,,,,,,,,,,,
,,,,,,,,,,,,,,,,,,,,,,
,,,,,,,,,,,,,,,,,,,,,,
,,,,,,,,,,,,,,,,,,,,,,
,,,,,,,,,,,,,,,,,,,,,,
,,,,,,,,,,,,,,,,,,,,,,
,,,,,,,,,,,,,,,,,,,,,,
,,,,,,,,,,,,,,,,,,,,,,
,,,,,,,,,,,,,,,,,,,,,,
,,,,,,,,,,,,,,,,,,,,,,
0.121779,0.828062,-0.000020,0.194974,0.833733,0.021784,0.247854,0.799002,0.025829,0.286064,0.759706,0.028947,0.311928,0.729548,0.034362,0.244947,0.713615,0.022205,0.266504,0.634994,0.036862,0.277588,0.594839,0.060893,0.288543,0.570455,0.080831,0.209243,0.688110,0.018524,0.227200,0.594100,0.030890,0.238954,0.543772,0.046773,0.250093,0.507376,0.059290,0.171722,0.677307,0.018017,0.187249,0.590583,0.027919,0.197264,0.537368,0.043980,0.210403,0.496421,0.057767,0.134884,0.678989,0.019443,0.147223,0.607299,0.030066,0.152225,0.569241,0.036727,0.160416,0.537022,0.042610,
0.121188,0.934100,0.000043,0.191066,0.952427,0.013217,0.244128,0.936941,0.019046,0.283047,0.900170,0.024307,0.303764,0.858164,0.038962,0.249153,0.869849,0.026706,0.282958,0.813152,0.049353,0.300245,0.776092,0.060531,0.312656,0.744948,0.064068,0.225854,0.841366,0.029041,0.257511,0.776579,0.050084,0.277705,0.738290,0.057619,0.290672,0.709684,0.060541,0.198809,0.822523,0.033669,0.227134,0.761731,0.054806,0.244487,0.726532,0.064074,0.257376,0.701255,0.068964,0.172237,0.813613,0.038913,0.192360,0.763021,0.054785,0.202557,0.737867,0.059997,0.210916,0.716736,0.063474,
,,,,,,,,,,,,,,,,,,,,,,
,,,,,,,,,,,,,,,,,,,,,,
,,,,,,,,,,,,,,,,,,,,,,
,,,,,,,,,,,,,,,,,,,,,,
,,,,,,,,,,,,,,,,,,,,,,
0.771270,0.750602,-0.000141,0.698659,0.647575,0.003307,0.615303,0.603472,-0.025050,0.547161,0.614540,-0.034982,0.504020,0.634176,-0.039545,0.553813,0.654845,-0.165943,0.472264,0.674855,-0.150872,0.503070,0.694589,-0.121764,0.539184,0.700592,-0.113760,0.553855,0.730490,-0.173134,0.486853,0.742114,-0.157104,0.525065,0.749563,-0.133750,0.564603,0.742950,-0.147273,0.568446,0.803912,-0.161575,0.516450,0.806322,-0.126433,0.549914,0.805399,-0.093237,0.586974,0.795964,-0.104677,0.594567,0.871011,-0.152723,0.555693,0.869798,-0.108625,0.579680,0.857042,-0.077939,0.610252,0.842417,-0.074997,
0.759528,0.690694,-0.000052,0.701891,0.794235,-0.038240,0.627801,0.828033,-0.063731,0.557997,0.819523,-0.062604,0.516756,0.801361,-0.051421,0.573269,0.727021,-0.184329,0.484484,0.770223,-0.151506,0.506544,0.797990,-0.101641,0.537509,0.790446,-0.069851,0.558752,0.665807,-0.150204,0.468082,0.723890,-0.115870,0.494908,0.762414,-0.070452,0.530973,0.754258,-0.058862,0.555113,0.626152,-0.106179,0.468976,0.682959,-0.062383,0.491763,0.719205,-0.028904,0.522965,0.714147,-0.020993,0.558986,0.602590,-0.061556,0.487018,0.651080,-0.024773,0.499085,0.683445,-0.004338,0.520124,0.682888,0.006416,
0.736215,0.691998,-0.000012,0.690984,0.753965,-0.057755,0.629554,0.775819,-0.102251,0.571815,0.772004,-0.120665,0.529593,0.769484,-0.138526,0.552714,0.692195,-0.204966,0.517111,0.749992,-0.202992,0.536842,0.772077,-0.177254,0.555895,0.766973,-0.160340,0.534243,0.660855,-0.176241,0.500071,0.731328,-0.161670,0.527705,0.762655,-0.129320,0.558772,0.757606,-0.124925,0.533173,0.647202,-0.139028,0.502619,0.715321,-0.117071,0.526885,0.742763,-0.094654,0.552303,0.739200,-0.089885,0.543527,0.643249,-0.106507,0.514124,0.692822,-0.091820,0.530275,0.713549,-0.081447,0.548060,0.711607,-0.075286,
0.701039,0.665901,0.000013,0.676215,0.758947,-0.086371,0.629507,0.814801,-0.150885,0.575364,0.840977,-0.197442,0.538273,0.860583,-0.238385,0.516501,0.752805,-0.205487,0.554607,0.773227,-0.270871,0.600924,0.774641,-0.272468,0.620455,0.775368,-0.262588,0.501264,0.686351,-0.177180,0.556957,0.701823,-0.245650,0.599835,0.712580,-0.242010,0.618134,0.728080,-0.239509,0.508309,0.630234,-0.149575,0.560388,0.646303,-0.201687,0.599844,0.661817,-0.189865,0.613075,0.673933,-0.181527,0.524331,0.583802,-0.125707,0.558372,0.588530,-0.168205,0.594148,0.604970,-0.171557,0.608789,0.621942,-0.173836,
0.686703,0.664677,-0.000011,0.657877,0.751016,-0.054297,0.608825,0.807299,-0.100515,0.560738,0.836188,-0.134919,0.519956,0.858387,-0.165992,0.566526,0.743363,-0.169763,0.510766,0.734886,-0.211113,0.520586,0.758618,-0.213747,0.539043,0.780888,-0.213498,0.566521,0.689722,-0.155192,0.510933,0.685127,-0.197391,0.518810,0.712195,-0.194474,0.534307,0.734311,-0.193461,0.572015,0.645375,-0.138158,0.519393,0.637190,-0.176297,0.518217,0.656850,-0.180020,0.527452,0.676256,-0.181429,0.581789,0.609674,-0.118548,0.533594,0.595764,-0.151136,0.520669,0.602822,-0.156979,0.517284,0.613437,-0.158059,
0.675272,0.662390,-0.000090,0.634509,0.750727,-0.020610,0.586498,0.803083,-0.058816,0.541818,0.837893,-0.090209,0.501539,0.870539,-0.121029,0.573970,0.738124,-0.130219,0.526927,0.753013,-0.175249,0.491604,0.769167,-0.188249,0.463891,0.786149,-0.195010,0.575408,0.691401,-0.133266,0.521297,0.692626,-0.187469,0.480979,0.703309,-0.200410,0.449645,0.712289,-0.206458,0.579344,0.649699,-0.131626,0.528811,0.635499,-0.176775,0.488531,0.631095,-0.192250,0.456722,0.629396,-0.203370,0.585809,0.616801,-0.125596,0.543253,0.595873,-0.157096,0.514744,0.583088,-0.169634,0.491905,0.572777,-0.179751,
0.664813,0.666472,-0.000046,0.626827,0.739506,-0.034344,0.586703,0.782171,-0.074318,0.548917,0.809253,-0.104653,0.514551,0.835757,-0.131275,0.575204,0.744878,-0.137610,0.536991,0.767997,-0.187726,0.503464,0.776658,-0.216632,0.470863,0.782418,-0.238153,0.575857,0.700391,-0.136707,0.530516,0.698727,-0.192072,0.489878,0.696253,-0.220441,0.451632,0.691342,-0.243730,0.577736,0.659759,-0.130868,0.531534,0.649309,-0.172049,0.491956,0.638168,-0.195208,0.457144,0.627885,-0.214916,0.582067,0.623682,-0.125504,0.544153,0.609325,-0.151597,0.515374,0.596419,-0.166168,0.490639,0.582830,-0.181499,
,,,,,,,,,,,,,,,,,,,,,,
,,,,,,,,,,,,,,,,,,,,,,
,,,,,,,,,,,,,,,,,,,,,,
,,,,,,,,,,,,,,,,,,,,,,
,,,,,,,,,,,,,,,,,,,,,,
0.397834,0.798880,-0.000079,0.439027,0.693753,0.004641,0.462508,0.607362,-0.034262,0.487870,0.549121,-0.068091,0.508665,0.514104,-0.114168,0.374780,0.620335,-0.133649,0.387865,0.640365,-0.165670,0.398204,0.661488,-0.170581,0.403305,0.681804,-0.168759,0.345502,0.676037,-0.149834,0.367576,0.706316,-0.170169,0.380195,0.714789,-0.164879,0.388803,0.730141,-0.176887,0.329748,0.734802,-0.152835,0.357382,0.760556,-0.154599,0.373418,0.766657,-0.136754,0.379351,0.775677,-0.140259,0.324005,0.793393,-0.156727,0.333775,0.797015,-0.153617,0.353907,0.806647,-0.140422,0.365412,0.821570,-0.137829,
,,,,,,,,,,,,,,,,,,,,,,
0.448129,0.702349,-0.000090,0.391455,0.641648,-0.025184,0.334429,0.633294,-0.071250,0.293916,0.655621,-0.111122,0.276355,0.676420,-0.155378,0.260552,0.654844,-0.149752,0.241474,0.709814,-0.188780,0.267688,0.719523,-0.195517,0.292509,0.712447,-0.197185,0.268568,0.706057,-0.157576,0.256349,0.770341,-0.179025,0.289669,0.764786,-0.160214,0.315881,0.741599,-0.162491,0.292200,0.757057,-0.158197,0.293052,0.812124,-0.176895,0.326656,0.797296,-0.157700,0.350880,0.770489,-0.154891,0.322666,0.805466,-0.160496,0.329099,0.843370,-0.171229,0.353603,0.821227,-0.163693,0.369743,0.795000,-0.162237,
0.435665,0.626500,-0.000011,0.442297,0.732455,-0.057967,0.410716,0.803303,-0.104612,0.367821,0.833937,-0.126736,0.332980,0.852906,-0.143443,0.332174,0.746608,-0.205608,0.331995,0.812045,-0.199732,0.362208,0.813958,-0.164833,0.377432,0.797728,-0.157034,0.299252,0.696742,-0.177117,0.301118,0.769459,-0.163438,0.326840,0.779554,-0.132073,0.345080,0.761074,-0.130660,0.280925,0.651581,-0.137806,0.277595,0.718384,-0.118146,0.301994,0.730612,-0.090026,0.320418,0.719535,-0.087394,0.274576,0.613763,-0.102333,0.267671,0.662168,-0.097118,0.288791,0.680631,-0.085468,0.303558,0.681180,-0.083048,
0.443206,0.628523,0.000005,0.452883,0.716844,-0.063788,0.419187,0.788987,-0.114816,0.372549,0.821571,-0.142853,0.337225,0.838900,-0.168293,0.331153,0.750576,-0.207799,0.339073,0.791363,-0.221039,0.379141,0.786149,-0.194869,0.399575,0.773201,-0.187300,0.309124,0.700206,-0.185768,0.324929,0.738367,-0.207520,0.360041,0.742031,-0.189682,0.381405,0.731044,-0.192208,0.306086,0.651325,-0.158443,0.319394,0.679425,-0.175826,0.354797,0.687693,-0.163518,0.376377,0.683293,-0.165775,0.311886,0.608782,-0.132498,0.318657,0.616963,-0.160478,0.351417,0.623791,-0.161566,0.373156,0.626173,-0.162672,
0.463563,0.628283,-0.000040,0.455971,0.708927,-0.043414,0.421636,0.775380,-0.087644,0.380241,0.811511,-0.115344,0.348528,0.837380,-0.135983,0.401537,0.727732,-0.197867,0.332888,0.758452,-0.224282,0.337191,0.782760,-0.184706,0.351508,0.796338,-0.151992,0.392875,0.673700,-0.186823,0.316933,0.700658,-0.225377,0.317265,0.729691,-0.190195,0.328992,0.745763,-0.163151,0.389176,0.626363,-0.171387,0.318092,0.640173,-0.204048,0.314985,0.663310,-0.183597,0.321042,0.677390,-0.167917,0.388725,0.589170,-0.155470,0.334612,0.583876,-0.202582,0.315261,0.588221,-0.226144,0.304754,0.593188,-0.239619,
0.463860,0.605671,-0.000000,0.458030,0.691896,-0.049979,0.424469,0.760918,-0.097827,0.383356,0.796540,-0.125762,0.349569,0.820992,-0.149410,0.399438,0.698809,-0.218645,0.337908,0.740673,-0.241075,0.346802,0.764519,-0.200636,0.361808,0.774697,-0.169693,0.384146,0.644884,-0.201590,0.321708,0.690491,-0.235700,0.334474,0.718834,-0.204931,0.350589,0.728924,-0.189659,0.374863,0.602019,-0.177483,0.318468,0.636376,-0.201603,0.332147,0.661846,-0.178772,0.347388,0.670511,-0.168358,0.369372,0.572451,-0.152906,0.323905,0.593396,-0.179642,0.332280,0.609334,-0.182114,0.345929,0.614958,-0.185256,
0.476144,0.604737,-0.000038,0.464775,0.685029,-0.031898,0.426414,0.750479,-0.067880,0.383936,0.785332,-0.090355,0.349433,0.801980,-0.106469,0.420623,0.701286,-0.177339,0.348034,0.723055,-0.215045,0.332490,0.752696,-0.192427,0.332853,0.775341,-0.166556,0.414889,0.648096,-0.168799,0.336239,0.668146,-0.210121,0.315307,0.696960,-0.184875,0.312081,0.713810,-0.161193,0.411364,0.602591,-0.155128,0.339823,0.614464,-0.191023,0.316509,0.634073,-0.183318,0.306622,0.646092,-0.173201,0.408724,0.568004,-0.139882,0.357491,0.563017,-0.177409,0.331898,0.563800,-0.198959,0.313362,0.564642,-0.210717,
0.480862,0.584710,-0.000029,0.473749,0.661522,-0.037887,0.439449,0.726095,-0.077472,0.399958,0.766949,-0.104844,0.368667,0.793764,-0.130552,0.424985,0.672570,-0.181735,0.360200,0.701142,-0.232096,0.338361,0.734647,-0.234152,0.330057,0.762663,-0.226666,0.415899,0.622408,-0.173285,0.341941,0.654282,-0.213306,0.323119,0.689038,-0.196237,0.320602,0.713648,-0.182476,0.412893,0.578797,-0.160351,0.345653,0.601998,-0.197134,0.325204,0.629674,-0.195839,0.316604,0.649689,-0.194254,0.413907,0.546554,-0.147170,0.366190,0.541454,-0.186664,0.339000,0.543226,-0.210809,0.316952,0.545670,-0.228449,
0.486297,0.569500,-0.000037,0.473661,0.654227,-0.031495,0.437522,0.719171,-0.069438,0.396002,0.753969,-0.095825,0.362088,0.775120,-0.117198,0.428076,0.660064,-0.180616,0.356858,0.683158,-0.216958,0.345719,0.714875,-0.194772,0.348787,0.740544,-0.170436,0.422385,0.607686,-0.174127,0.347624,0.632919,-0.218627,0.329778,0.665181,-0.197947,0.329735,0.684943,-0.177584,0.419694,0.564341,-0.161342,0.351244,0.582393,-0.198817,0.330335,0.606254,-0.191889,0.324656,0.622612,-0.184414,0.418528,0.533179,-0.146525,0.368511,0.532026,-0.184265,0.343889,0.535946,-0.204640,0.329738,0.539213,-0.216922,
0.496939,0.573430,-0.000060,0.477215,0.648502,-0.030793,0.436897,0.706925,-0.069078,0.395949,0.740540,-0.095852,0.363637,0.758951,-0.114283,0.439067,0.660915,-0.184898,0.367019,0.675938,-0.227817,0.349227,0.697647,-0.214060,0.346186,0.722185,-0.195866,0.440833,0.609796,-0.182244,0.357141,0.613547,-0.224939,0.333368,0.629507,-0.200823,0.328604,0.644998,-0.179988,0.444148,0.564297,-0.175282,0.368675,0.557981,-0.217801,0.339111,0.566504,-0.214351,0.322115,0.578456,-0.209776,0.444996,0.528288,-0.167616,0.391683,0.512306,-0.213147,0.362052,0.507106,-0.241016,0.338273,0.507726,-0.259505,
0.496840,0.562585,-0.000033,0.478135,0.634851,-0.035622,0.438978,0.694296,-0.079213,0.398871,0.727856,-0.110669,0.368684,0.748662,-0.136106,0.448912,0.650156,-0.197447,0.375739,0.654885,-0.242435,0.350254,0.675084,-0.230742,0.340977,0.700445,-0.217380,0.448840,0.598780,-0.190217,0.366640,0.599970,-0.236243,0.341875,0.620889,-0.215623,0.337134,0.641423,-0.200950,0.447979,0.553799,-0.177774,0.372471,0.552288,-0.215808,0.348014,0.565701,-0.207334,0.339410,0.579569,-0.202026,0.444945,0.519568,-0.165499,0.390104,0.509514,-0.203442,0.362580,0.504247,-0.224191,0.343721,0.502585,-0.240322,
0.481766,0.545183,-0.000021,0.478720,0.620177,-0.044433,0.445529,0.685063,-0.087569,0.403927,0.716325,-0.111954,0.372797,0.740986,-0.136010,0.444318,0.625764,-0.206345,0.376287,0.647548,-0.239185,0.361625,0.680165,-0.222024,0.357272,0.707192,-0.208432,0.429734,0.576705,-0.184015,0.359667,0.611107,-0.212179,0.357810,0.647100,-0.174020,0.366421,0.667860,-0.150784,0.416862,0.541584,-0.155586,0.353245,0.577250,-0.173183,0.358659,0.611329,-0.144351,0.372215,0.630107,-0.130309,0.405767,0.520687,-0.129569,0.359225,0.548851,-0.146144,0.354307,0.568512,-0.142179,0.359349,0.577082,-0.142707,
,,,,,,,,,,,,,,,,,,,,,,
,,,,,,,,,,,,,,,,,,,,,,
,,,,,,,,,,,,,,,,,,,,,,
,,,,,,,,,,,,,,,,,,,,,,
,,,,,,,,,,,,,,,,,,,,,,
,,,,,,,,,,,,,,,,,,,,,,
,,,,,,,,,,,,,,,,,,,,,,
,,,,,,,,,,,,,,,,,,,,,,
,,,,,,,,,,,,,,,,,,,,,,
,,,,,,,,,,,,,,,,,,,,,,
,,,,,,,,,,,,,,,,,,,,,,
,,,,,,,,,,,,,,,,,,,,,,
,,,,,,,,,,,,,,,,,,,,,,
,,,,,,,,,,,,,,,,,,,,,,
,,,,,,,,,,,,,,,,,,,,,,
,,,,,,,,,,,,,,,,,,,,,,
,,,,,,,,,,,,,,,,,,,,,,
,,,,,,,,,,,,,,,,,,,,,,
,,,,,,,,,,,,,,,,,,,,,,
,,,,,,,,,,,,,,,,,,,,,,
,,,,,,,,,,,,,,,,,,,,,,
0.587051,0.701830,-0.000017,0.585817,0.678016,-0.048391,0.584866,0.654610,-0.098456,0.587063,0.645651,-0.140426,0.582940,0.646615,-0.180081,0.563813,0.612435,-0.137858,0.556592,0.623087,-0.186518,0.563847,0.639860,-0.200669,0.568995,0.644700,-0.204653,0.564633,0.628343,-0.139095,0.558804,0.646473,-0.194948,0.573122,0.663170,-0.200508,0.579551,0.661949,-0.203707,0.569988,0.651337,-0.139912,0.570879,0.673212,-0.188906,0.586461,0.686885,-0.188956,0.592168,0.684922,-0.187608,0.577603,0.677034,-0.142950,0.589786,0.693452,-0.179701,0.605716,0.700676,-0.191295,0.612124,0.696128,-0.201550,
,,,,,,,,,,,,,,,,,,,,,,
,,,,,,,,,,,,,,,,,,,,,,
,,,,,,,,,,,,,,,,,,,,,,
,,,,,,,,,,,,,,,,,,,,,,
,,,,,,,,,,,,,,,,,,,,,,
,,,,,,,,,,,,,,,,,,,,,,
0.584123,0.739655,0.000011,0.563567,0.712973,-0.052064,0.564630,0.675723,-0.097447,0.581526,0.660740,-0.129889,0.595761,0.657481,-0.160621,0.583689,0.614200,-0.119366,0.599559,0.594911,-0.160479,0.595129,0.625333,-0.174735,0.587373,0.647554,-0.180172,0.606804,0.627816,-0.111212,0.624330,0.617981,-0.154272,0.614481,0.655344,-0.164585,0.602862,0.673533,-0.173061,0.626255,0.653954,-0.101527,0.642501,0.650899,-0.140591,0.629146,0.683855,-0.142084,0.616686,0.699028,-0.138910,0.641468,0.686351,-0.096107,0.656386,0.683703,-0.125361,0.646449,0.702780,-0.130917,0.634421,0.710917,-0.133782,
0.577395,0.726597,-0.000026,0.560742,0.699109,-0.066447,0.561739,0.679001,-0.118977,0.581460,0.685667,-0.153675,0.598745,0.692608,-0.183405,0.586539,0.608513,-0.126873,0.603719,0.620290,-0.188613,0.596151,0.658668,-0.208428,0.586112,0.679435,-0.214809,0.615048,0.623220,-0.113953,0.623527,0.655820,-0.188562,0.603933,0.700201,-0.194656,0.592348,0.715238,-0.190025,0.637044,0.651878,-0.104533,0.643625,0.688923,-0.165581,0.620878,0.720210,-0.154871,0.608429,0.724469,-0.136111,0.651112,0.683315,-0.099360,0.657451,0.710924,-0.141176,0.638087,0.730611,-0.138952,0.625147,0.733113,-0.130572,
0.585646,0.707653,-0.000029,0.589006,0.691213,-0.056887,0.607087,0.677482,-0.103570,0.628053,0.669149,-0.135634,0.645629,0.662354,-0.169686,0.590629,0.624216,-0.148632,0.593773,0.625446,-0.212486,0.601137,0.638194,-0.242346,0.605753,0.650969,-0.259005,0.597075,0.637457,-0.139635,0.604312,0.658226,-0.210980,0.601124,0.691363,-0.230656,0.595250,0.713089,-0.241763,0.604230,0.661699,-0.131563,0.614064,0.688096,-0.193639,0.610127,0.715811,-0.199188,0.605500,0.730783,-0.194424,0.610175,0.689123,-0.125774,0.618524,0.713430,-0.176614,0.614941,0.730375,-0.191538,0.609330,0.737285,-0.199418,
,,,,,,,,,,,,,,,,,,,,,,
,,,,,,,,,,,,,,,,,,,,,,
,,,,,,,,,,,,,,,,,,,,,,
,,,,,,,,,,,,,,,,,,,,,,
,,,,,,,,,,,,,,,,,,,,,,
,,,,,,,,,,,,,,,,,,,,,,
,,,,,,,,,,,,,,,,,,,,,,
,,,,,,,,,,,,,,,,,,,,,,
,,,,,,,,,,,,,,,,,,,,,,
,,,,,,,,,,,,,,,,,,,,,,
,,,,,,,,,,,,,,,,,,,,,,
,,,,,,,,,,,,,,,,,,,,,,
,,,,,,,,,,,,,,,,,,,,,,
,,,,,,,,,,,,,,,,,,,,,,
,,,,,,,,,,,,,,,,,,,,,,
,,,,,,,,,,,,,,,,,,,,,,
,,,,,,,,,,,,,,,,,,,,,,
,,,,,,,,,,,,,,,,,,,,,,
,,,,,,,,,,,,,,,,,,,,,,
,,,,,,,,,,,,,,,,,,,,,,
,,,,,,,,,,,,,,,,,,,,,,
,,,,,,,,,,,,,,,,,,,,,,
,,,,,,,,,,,,,,,,,,,,,,
,,,,,,,,,,,,,,,,,,,,,,
,,,,,,,,,,,,,,,,,,,,,,
,,,,,,,,,,,,,,,,,,,,,,
,,,,,,,,,,,,,,,,,,,,,,
,,,,,,,,,,,,,,,,,,,,,,
,,,,,,,,,,,,,,,,,,,,,,
,,,,,,,,,,,,,,,,,,,,,,
,,,,,,,,,,,,,,,,,,,,,,
,,,,,,,,,,,,,,,,,,,,,,
,,,,,,,,,,,,,,,,,,,,,,
,,,,,,,,,,,,,,,,,,,,,,
,,,,,,,,,,,,,,,,,,,,,,
,,,,,,,,,,,,,,,,,,,,,,
,,,,,,,,,,,,,,,,,,,,,,
,,,,,,,,,,,,,,,,,,,,,,
,,,,,,,,,,,,,,,,,,,,,,
,,,,,,,,,,,,,,,,,,,,,,
,,,,,,,,,,,,,,,,,,,,,,
,,,,,,,,,,,,,,,,,,,,,,
,,,,,,,,,,,,,,,,,,,,,,
,,,,,,,,,,,,,,,,,,,,,,
,,,,,,,,,,,,,,,,,,,,,,
,,,,,,,,,,,,,,,,,,,,,,
,,,,,,,,,,,,,,,,,,,,,,
,,,,,,,,,,,,,,,,,,,,,,
,,,,,,,,,,,,,,,,,,,,,,
,,,,,,,,,,,,,,,,,,,,,,
,,,,,,,,,,,,,,,,,,,,,,
,,,,,,,,,,,,,,,,,,,,,,
,,,,,,,,,,,,,,,,,,,,,,
,,,,,,,,,,,,,,,,,,,,,,
,,,,,,,,,,,,,,,,,,,,,,
,,,,,,,,,,,,,,,,,,,,,,
